0 verbose cli /usr/local/bin/node /usr/local/bin/npm
1 info using npm@11.6.2
2 info using node@v24.12.0
3 silly config load:file:/usr/local/lib/node_modules/npm/npmrc
4 silly config load:file:/Users/kil07201/.gemini/antigravity-ide/scratch/my-memory/my-memory-frontend/.npmrc
5 silly config load:file:/Users/kil07201/.npmrc
6 silly config load:file:/usr/local/etc/npmrc
7 verbose title npm install
8 verbose argv "--cache" "../.npm-cache" "install"
9 verbose logfile logs-max:10 dir:/Users/kil07201/.gemini/antigravity-ide/scratch/my-memory/.npm-cache/_logs/2026-05-22T23_55_59_716Z-
10 verbose logfile /Users/kil07201/.gemini/antigravity-ide/scratch/my-memory/.npm-cache/_logs/2026-05-22T23_55_59_716Z-debug-0.log
11 silly logfile done cleaning log files
12 silly packumentCache heap:2348810240 maxSize:587202560 maxEntrySize:293601280
13 silly idealTree buildDeps
14 silly fetch manifest react@^19.2.6
15 silly packumentCache full:https://registry.npmjs.org/react cache-miss
16 http fetch GET 200 https://registry.npmjs.org/react 284ms (cache miss)
17 silly packumentCache full:https://registry.npmjs.org/react set size:undefined disposed:false
18 silly fetch manifest react-dom@^19.2.6
19 silly packumentCache full:https://registry.npmjs.org/react-dom cache-miss
20 http fetch GET 200 https://registry.npmjs.org/react-dom 204ms (cache miss)
21 silly packumentCache full:https://registry.npmjs.org/react-dom set size:undefined disposed:false
22 silly fetch manifest @eslint/js@^10.0.1
23 silly packumentCache full:https://registry.npmjs.org/@eslint%2fjs cache-miss
24 http fetch GET 200 https://registry.npmjs.org/@eslint%2fjs 38ms (cache miss)
25 silly packumentCache full:https://registry.npmjs.org/@eslint%2fjs set size:undefined disposed:false
26 silly fetch manifest eslint@^10.3.0
27 silly packumentCache full:https://registry.npmjs.org/eslint cache-miss
28 http fetch GET 200 https://registry.npmjs.org/eslint 81ms (cache miss)
29 silly packumentCache full:https://registry.npmjs.org/eslint set size:undefined disposed:false
30 silly fetch manifest jiti@*
31 silly packumentCache full:https://registry.npmjs.org/jiti cache-miss
32 http fetch GET 200 https://registry.npmjs.org/jiti 32ms (cache miss)
33 silly packumentCache full:https://registry.npmjs.org/jiti set size:undefined disposed:false
34 silly fetch manifest @types/node@^24.12.3
35 silly packumentCache full:https://registry.npmjs.org/@types%2fnode cache-miss
36 http fetch GET 200 https://registry.npmjs.org/@types%2fnode 212ms (cache miss)
37 silly packumentCache full:https://registry.npmjs.org/@types%2fnode set size:undefined disposed:false
38 silly fetch manifest @types/react@^19.2.14
39 silly packumentCache full:https://registry.npmjs.org/@types%2freact cache-miss
40 http fetch GET 200 https://registry.npmjs.org/@types%2freact 87ms (cache miss)
41 silly packumentCache full:https://registry.npmjs.org/@types%2freact set size:undefined disposed:false
42 silly fetch manifest @types/react-dom@^19.2.3
43 silly packumentCache full:https://registry.npmjs.org/@types%2freact-dom cache-miss
44 http fetch GET 200 https://registry.npmjs.org/@types%2freact-dom 56ms (cache miss)
45 silly packumentCache full:https://registry.npmjs.org/@types%2freact-dom set size:undefined disposed:false
46 silly fetch manifest @vitejs/plugin-react@^6.0.1
47 silly packumentCache full:https://registry.npmjs.org/@vitejs%2fplugin-react cache-miss
48 http fetch GET 200 https://registry.npmjs.org/@vitejs%2fplugin-react 44ms (cache miss)
49 silly packumentCache full:https://registry.npmjs.org/@vitejs%2fplugin-react set size:undefined disposed:false
50 silly fetch manifest @rolldown/plugin-babel@^0.1.7 || ^0.2.0
51 silly packumentCache full:https://registry.npmjs.org/@rolldown%2fplugin-babel cache-miss
52 http fetch GET 200 https://registry.npmjs.org/@rolldown%2fplugin-babel 309ms (cache miss)
53 silly packumentCache full:https://registry.npmjs.org/@rolldown%2fplugin-babel set size:undefined disposed:false
54 silly fetch manifest @babel/core@^7.29.0 || ^8.0.0-rc.1
55 silly packumentCache full:https://registry.npmjs.org/@babel%2fcore cache-miss
56 http fetch GET 200 https://registry.npmjs.org/@babel%2fcore 66ms (cache miss)
57 silly packumentCache full:https://registry.npmjs.org/@babel%2fcore set size:undefined disposed:false
58 silly fetch manifest @babel/plugin-transform-runtime@^7.29.0 || ^8.0.0-rc.1
59 silly packumentCache full:https://registry.npmjs.org/@babel%2fplugin-transform-runtime cache-miss
60 http fetch GET 200 https://registry.npmjs.org/@babel%2fplugin-transform-runtime 63ms (cache miss)
61 silly packumentCache full:https://registry.npmjs.org/@babel%2fplugin-transform-runtime set size:undefined disposed:false
62 silly fetch manifest @babel/runtime@^7.27.0 || ^8.0.0-rc.1
63 silly packumentCache full:https://registry.npmjs.org/@babel%2fruntime cache-miss
64 http fetch GET 200 https://registry.npmjs.org/@babel%2fruntime 136ms (cache miss)
65 silly packumentCache full:https://registry.npmjs.org/@babel%2fruntime set size:undefined disposed:false
66 silly fetch manifest rolldown@^1.0.0-rc.5
67 silly packumentCache full:https://registry.npmjs.org/rolldown cache-miss
68 http fetch GET 200 https://registry.npmjs.org/rolldown 104ms (cache miss)
69 silly packumentCache full:https://registry.npmjs.org/rolldown set size:undefined disposed:false
70 silly fetch manifest vite@^8.0.12
71 silly packumentCache full:https://registry.npmjs.org/vite cache-miss
72 http fetch GET 200 https://registry.npmjs.org/vite 1346ms (cache miss)
73 silly packumentCache full:https://registry.npmjs.org/vite set size:undefined disposed:false
74 silly fetch manifest @vitejs/devtools@^0.1.18
75 silly packumentCache full:https://registry.npmjs.org/@vitejs%2fdevtools cache-miss
76 http fetch GET 200 https://registry.npmjs.org/@vitejs%2fdevtools 38ms (cache miss)
77 silly packumentCache full:https://registry.npmjs.org/@vitejs%2fdevtools set size:undefined disposed:false
78 silly fetch manifest esbuild@^0.27.0 || ^0.28.0
79 silly packumentCache full:https://registry.npmjs.org/esbuild cache-miss
80 http fetch GET 200 https://registry.npmjs.org/esbuild 81ms (cache miss)
81 silly packumentCache full:https://registry.npmjs.org/esbuild set size:undefined disposed:false
82 silly fetch manifest jiti@>=1.21.0
83 silly packumentCache full:https://registry.npmjs.org/jiti cache-miss
84 http cache https://registry.npmjs.org/jiti 5ms (cache hit)
85 silly packumentCache full:https://registry.npmjs.org/jiti set size:387989 disposed:false
86 silly fetch manifest less@^4.0.0
87 silly packumentCache full:https://registry.npmjs.org/less cache-miss
88 http fetch GET 200 https://registry.npmjs.org/less 34ms (cache miss)
89 silly packumentCache full:https://registry.npmjs.org/less set size:undefined disposed:false
90 silly fetch manifest sass@^1.70.0
91 silly packumentCache full:https://registry.npmjs.org/sass cache-miss
92 http fetch GET 200 https://registry.npmjs.org/sass 52ms (cache miss)
93 silly packumentCache full:https://registry.npmjs.org/sass set size:undefined disposed:false
94 silly fetch manifest sass-embedded@^1.70.0
95 silly packumentCache full:https://registry.npmjs.org/sass-embedded cache-miss
96 http fetch GET 200 https://registry.npmjs.org/sass-embedded 33ms (cache miss)
97 silly packumentCache full:https://registry.npmjs.org/sass-embedded set size:undefined disposed:false
98 silly fetch manifest stylus@>=0.54.8
99 silly packumentCache full:https://registry.npmjs.org/stylus cache-miss
100 http fetch GET 200 https://registry.npmjs.org/stylus 31ms (cache miss)
101 silly packumentCache full:https://registry.npmjs.org/stylus set size:undefined disposed:false
102 silly fetch manifest sugarss@^5.0.0
103 silly packumentCache full:https://registry.npmjs.org/sugarss cache-miss
104 http fetch GET 200 https://registry.npmjs.org/sugarss 22ms (cache miss)
105 silly packumentCache full:https://registry.npmjs.org/sugarss set size:undefined disposed:false
106 silly fetch manifest postcss@^8.3.3
107 silly packumentCache full:https://registry.npmjs.org/postcss cache-miss
108 http fetch GET 200 https://registry.npmjs.org/postcss 47ms (cache miss)
109 silly packumentCache full:https://registry.npmjs.org/postcss set size:undefined disposed:false
110 silly fetch manifest terser@^5.16.0
111 silly packumentCache full:https://registry.npmjs.org/terser cache-miss
112 http fetch GET 200 https://registry.npmjs.org/terser 50ms (cache miss)
113 silly packumentCache full:https://registry.npmjs.org/terser set size:undefined disposed:false
114 silly fetch manifest tsx@^4.8.1
115 silly packumentCache full:https://registry.npmjs.org/tsx cache-miss
116 http fetch GET 200 https://registry.npmjs.org/tsx 31ms (cache miss)
117 silly packumentCache full:https://registry.npmjs.org/tsx set size:undefined disposed:false
118 silly fetch manifest yaml@^2.4.2
119 silly packumentCache full:https://registry.npmjs.org/yaml cache-miss
120 http fetch GET 200 https://registry.npmjs.org/yaml 34ms (cache miss)
121 silly packumentCache full:https://registry.npmjs.org/yaml set size:undefined disposed:false
122 silly fetch manifest babel-plugin-react-compiler@^1.0.0
123 silly packumentCache full:https://registry.npmjs.org/babel-plugin-react-compiler cache-miss
124 http fetch GET 200 https://registry.npmjs.org/babel-plugin-react-compiler 51ms (cache miss)
125 silly packumentCache full:https://registry.npmjs.org/babel-plugin-react-compiler set size:undefined disposed:false
126 silly fetch manifest eslint-plugin-react-hooks@^7.1.1
127 silly packumentCache full:https://registry.npmjs.org/eslint-plugin-react-hooks cache-miss
128 http fetch GET 200 https://registry.npmjs.org/eslint-plugin-react-hooks 175ms (cache miss)
129 silly packumentCache full:https://registry.npmjs.org/eslint-plugin-react-hooks set size:undefined disposed:false
130 silly fetch manifest eslint-plugin-react-refresh@^0.5.2
131 silly packumentCache full:https://registry.npmjs.org/eslint-plugin-react-refresh cache-miss
132 http fetch GET 200 https://registry.npmjs.org/eslint-plugin-react-refresh 25ms (cache miss)
133 silly packumentCache full:https://registry.npmjs.org/eslint-plugin-react-refresh set size:undefined disposed:false
134 silly fetch manifest globals@^17.6.0
135 silly packumentCache full:https://registry.npmjs.org/globals cache-miss
136 http fetch GET 200 https://registry.npmjs.org/globals 30ms (cache miss)
137 silly packumentCache full:https://registry.npmjs.org/globals set size:undefined disposed:false
138 silly fetch manifest typescript@~6.0.2
139 silly packumentCache full:https://registry.npmjs.org/typescript cache-miss
140 http fetch GET 200 https://registry.npmjs.org/typescript 221ms (cache miss)
141 silly packumentCache full:https://registry.npmjs.org/typescript set size:undefined disposed:false
142 silly fetch manifest typescript-eslint@^8.59.2
143 silly packumentCache full:https://registry.npmjs.org/typescript-eslint cache-miss
144 http fetch GET 200 https://registry.npmjs.org/typescript-eslint 106ms (cache miss)
145 silly packumentCache full:https://registry.npmjs.org/typescript-eslint set size:undefined disposed:false
146 silly placeDep ROOT @eslint/js@10.0.1 OK for: my-memory-frontend@0.0.0 want: ^10.0.1
147 silly placeDep ROOT @types/node@24.12.4 OK for: my-memory-frontend@0.0.0 want: ^24.12.3
148 silly placeDep ROOT @types/react@19.2.15 OK for: my-memory-frontend@0.0.0 want: ^19.2.14
149 silly placeDep ROOT @types/react-dom@19.2.3 OK for: my-memory-frontend@0.0.0 want: ^19.2.3
150 silly placeDep ROOT @vitejs/plugin-react@6.0.2 OK for: my-memory-frontend@0.0.0 want: ^6.0.1
151 silly placeDep ROOT vite@8.0.14 OK for: @vitejs/plugin-react@6.0.2 want: ^8.0.0
152 silly placeDep ROOT eslint@10.4.0 OK for: my-memory-frontend@0.0.0 want: ^10.3.0
153 silly placeDep ROOT eslint-plugin-react-hooks@7.1.1 OK for: my-memory-frontend@0.0.0 want: ^7.1.1
154 silly placeDep ROOT eslint-plugin-react-refresh@0.5.2 OK for: my-memory-frontend@0.0.0 want: ^0.5.2
155 silly placeDep ROOT globals@17.6.0 OK for: my-memory-frontend@0.0.0 want: ^17.6.0
156 silly placeDep ROOT react@19.2.6 OK for: my-memory-frontend@0.0.0 want: ^19.2.6
157 silly placeDep ROOT react-dom@19.2.6 OK for: my-memory-frontend@0.0.0 want: ^19.2.6
158 silly placeDep ROOT typescript@6.0.3 OK for: my-memory-frontend@0.0.0 want: ~6.0.2
159 silly placeDep ROOT typescript-eslint@8.59.4 OK for: my-memory-frontend@0.0.0 want: ^8.59.2
160 silly fetch manifest undici-types@~7.16.0
161 silly packumentCache full:https://registry.npmjs.org/undici-types cache-miss
162 silly fetch manifest csstype@^3.2.2
163 silly packumentCache full:https://registry.npmjs.org/csstype cache-miss
164 silly fetch manifest @rolldown/pluginutils@^1.0.0
165 silly packumentCache full:https://registry.npmjs.org/@rolldown%2fpluginutils cache-miss
166 silly fetch manifest lightningcss@^1.32.0
167 silly packumentCache full:https://registry.npmjs.org/lightningcss cache-miss
168 silly fetch manifest picomatch@^4.0.4
169 silly packumentCache full:https://registry.npmjs.org/picomatch cache-miss
170 silly fetch manifest postcss@^8.5.15
171 silly packumentCache full:https://registry.npmjs.org/postcss cache-miss
172 silly fetch manifest rolldown@1.0.2
173 silly packumentCache full:https://registry.npmjs.org/rolldown cache-miss
174 http cache https://registry.npmjs.org/postcss 11ms (cache hit)
175 silly packumentCache full:https://registry.npmjs.org/postcss set size:723316 disposed:false
176 silly fetch manifest tinyglobby@^0.2.16
177 silly packumentCache full:https://registry.npmjs.org/tinyglobby cache-miss
178 http cache https://registry.npmjs.org/rolldown 21ms (cache hit)
179 silly packumentCache full:https://registry.npmjs.org/rolldown set size:3713182 disposed:false
180 silly fetch manifest fsevents@~2.3.3
181 silly packumentCache full:https://registry.npmjs.org/fsevents cache-miss
182 http fetch GET 200 https://registry.npmjs.org/undici-types 51ms (cache miss)
183 silly packumentCache full:https://registry.npmjs.org/undici-types set size:undefined disposed:false
184 silly fetch manifest @eslint-community/eslint-utils@^4.8.0
185 silly packumentCache full:https://registry.npmjs.org/@eslint-community%2feslint-utils cache-miss
186 http fetch GET 200 https://registry.npmjs.org/@eslint-community%2feslint-utils 58ms (cache miss)
187 silly packumentCache full:https://registry.npmjs.org/@eslint-community%2feslint-utils set size:undefined disposed:false
188 silly fetch manifest @eslint-community/regexpp@^4.12.2
189 silly packumentCache full:https://registry.npmjs.org/@eslint-community%2fregexpp cache-miss
190 http fetch GET 200 https://registry.npmjs.org/picomatch 118ms (cache miss)
191 silly packumentCache full:https://registry.npmjs.org/picomatch set size:undefined disposed:false
192 silly fetch manifest @eslint/config-array@^0.23.5
193 silly packumentCache full:https://registry.npmjs.org/@eslint%2fconfig-array cache-miss
194 http fetch GET 200 https://registry.npmjs.org/fsevents 86ms (cache miss)
195 silly packumentCache full:https://registry.npmjs.org/fsevents set size:undefined disposed:false
196 silly fetch manifest @eslint/config-helpers@^0.6.0
197 silly packumentCache full:https://registry.npmjs.org/@eslint%2fconfig-helpers cache-miss
198 http fetch GET 200 https://registry.npmjs.org/csstype 130ms (cache miss)
199 silly packumentCache full:https://registry.npmjs.org/csstype set size:undefined disposed:false
200 silly fetch manifest @eslint/core@^1.2.1
201 silly packumentCache full:https://registry.npmjs.org/@eslint%2fcore cache-miss
202 http fetch GET 200 https://registry.npmjs.org/@rolldown%2fpluginutils 132ms (cache miss)
203 silly packumentCache full:https://registry.npmjs.org/@rolldown%2fpluginutils set size:undefined disposed:false
204 silly fetch manifest @eslint/plugin-kit@^0.7.1
205 silly packumentCache full:https://registry.npmjs.org/@eslint%2fplugin-kit cache-miss
206 http fetch GET 200 https://registry.npmjs.org/@eslint-community%2fregexpp 39ms (cache miss)
207 silly packumentCache full:https://registry.npmjs.org/@eslint-community%2fregexpp set size:undefined disposed:false
208 silly fetch manifest @humanfs/node@^0.16.6
209 silly packumentCache full:https://registry.npmjs.org/@humanfs%2fnode cache-miss
210 http fetch GET 200 https://registry.npmjs.org/@humanfs%2fnode 32ms (cache miss)
211 silly packumentCache full:https://registry.npmjs.org/@humanfs%2fnode set size:undefined disposed:false
212 silly fetch manifest @humanwhocodes/module-importer@^1.0.1
213 silly packumentCache full:https://registry.npmjs.org/@humanwhocodes%2fmodule-importer cache-miss
214 http fetch GET 200 https://registry.npmjs.org/@humanwhocodes%2fmodule-importer 33ms (cache miss)
215 silly packumentCache full:https://registry.npmjs.org/@humanwhocodes%2fmodule-importer set size:undefined disposed:false
216 silly fetch manifest @humanwhocodes/retry@^0.4.2
217 silly packumentCache full:https://registry.npmjs.org/@humanwhocodes%2fretry cache-miss
218 http fetch GET 200 https://registry.npmjs.org/tinyglobby 239ms (cache miss)
219 silly packumentCache full:https://registry.npmjs.org/tinyglobby set size:undefined disposed:false
220 silly fetch manifest @types/estree@^1.0.6
221 silly packumentCache full:https://registry.npmjs.org/@types%2festree cache-miss
222 http fetch GET 200 https://registry.npmjs.org/@humanwhocodes%2fretry 40ms (cache miss)
223 silly packumentCache full:https://registry.npmjs.org/@humanwhocodes%2fretry set size:undefined disposed:false
224 silly fetch manifest ajv@^6.14.0
225 silly packumentCache full:https://registry.npmjs.org/ajv cache-miss
226 http fetch GET 200 https://registry.npmjs.org/lightningcss 264ms (cache miss)
227 silly packumentCache full:https://registry.npmjs.org/lightningcss set size:undefined disposed:false
228 silly fetch manifest cross-spawn@^7.0.6
229 silly packumentCache full:https://registry.npmjs.org/cross-spawn cache-miss
230 http fetch GET 200 https://registry.npmjs.org/cross-spawn 27ms (cache miss)
231 silly packumentCache full:https://registry.npmjs.org/cross-spawn set size:undefined disposed:false
232 silly fetch manifest debug@^4.3.2
233 silly packumentCache full:https://registry.npmjs.org/debug cache-miss
234 http fetch GET 200 https://registry.npmjs.org/@types%2festree 37ms (cache miss)
235 silly packumentCache full:https://registry.npmjs.org/@types%2festree set size:undefined disposed:false
236 silly fetch manifest escape-string-regexp@^4.0.0
237 silly packumentCache full:https://registry.npmjs.org/escape-string-regexp cache-miss
238 http fetch GET 200 https://registry.npmjs.org/ajv 47ms (cache miss)
239 silly packumentCache full:https://registry.npmjs.org/ajv set size:undefined disposed:false
240 silly fetch manifest eslint-scope@^9.1.2
241 silly packumentCache full:https://registry.npmjs.org/eslint-scope cache-miss
242 http fetch GET 200 https://registry.npmjs.org/debug 29ms (cache miss)
243 silly packumentCache full:https://registry.npmjs.org/debug set size:undefined disposed:false
244 silly fetch manifest eslint-visitor-keys@^5.0.1
245 silly packumentCache full:https://registry.npmjs.org/eslint-visitor-keys cache-miss
246 http fetch GET 200 https://registry.npmjs.org/@eslint%2fconfig-array 208ms (cache miss)
247 silly packumentCache full:https://registry.npmjs.org/@eslint%2fconfig-array set size:undefined disposed:false
248 silly fetch manifest espree@^11.2.0
249 silly packumentCache full:https://registry.npmjs.org/espree cache-miss
250 http fetch GET 200 https://registry.npmjs.org/@eslint%2fcore 205ms (cache miss)
251 silly packumentCache full:https://registry.npmjs.org/@eslint%2fcore set size:undefined disposed:false
252 silly fetch manifest esquery@^1.7.0
253 silly packumentCache full:https://registry.npmjs.org/esquery cache-miss
254 http fetch GET 200 https://registry.npmjs.org/@eslint%2fplugin-kit 207ms (cache miss)
255 silly packumentCache full:https://registry.npmjs.org/@eslint%2fplugin-kit set size:undefined disposed:false
256 silly fetch manifest esutils@^2.0.2
257 silly packumentCache full:https://registry.npmjs.org/esutils cache-miss
258 http fetch GET 200 https://registry.npmjs.org/eslint-scope 27ms (cache miss)
259 silly packumentCache full:https://registry.npmjs.org/eslint-scope set size:undefined disposed:false
260 silly fetch manifest fast-deep-equal@^3.1.3
261 silly packumentCache full:https://registry.npmjs.org/fast-deep-equal cache-miss
262 http fetch GET 200 https://registry.npmjs.org/@eslint%2fconfig-helpers 217ms (cache miss)
263 silly packumentCache full:https://registry.npmjs.org/@eslint%2fconfig-helpers set size:undefined disposed:false
264 silly fetch manifest file-entry-cache@^8.0.0
265 silly packumentCache full:https://registry.npmjs.org/file-entry-cache cache-miss
266 http fetch GET 200 https://registry.npmjs.org/eslint-visitor-keys 23ms (cache miss)
267 silly packumentCache full:https://registry.npmjs.org/eslint-visitor-keys set size:undefined disposed:false
268 silly fetch manifest find-up@^5.0.0
269 silly packumentCache full:https://registry.npmjs.org/find-up cache-miss
270 http fetch GET 200 https://registry.npmjs.org/esquery 29ms (cache miss)
271 silly packumentCache full:https://registry.npmjs.org/esquery set size:undefined disposed:false
272 silly fetch manifest glob-parent@^6.0.2
273 silly packumentCache full:https://registry.npmjs.org/glob-parent cache-miss
274 http fetch GET 200 https://registry.npmjs.org/espree 35ms (cache miss)
275 silly packumentCache full:https://registry.npmjs.org/espree set size:undefined disposed:false
276 silly fetch manifest ignore@^5.2.0
277 silly packumentCache full:https://registry.npmjs.org/ignore cache-miss
278 http fetch GET 200 https://registry.npmjs.org/esutils 30ms (cache miss)
279 silly packumentCache full:https://registry.npmjs.org/esutils set size:undefined disposed:false
280 silly fetch manifest imurmurhash@^0.1.4
281 silly packumentCache full:https://registry.npmjs.org/imurmurhash cache-miss
282 http fetch GET 200 https://registry.npmjs.org/fast-deep-equal 30ms (cache miss)
283 silly packumentCache full:https://registry.npmjs.org/fast-deep-equal set size:undefined disposed:false
284 silly fetch manifest is-glob@^4.0.0
285 silly packumentCache full:https://registry.npmjs.org/is-glob cache-miss
286 http fetch GET 200 https://registry.npmjs.org/find-up 27ms (cache miss)
287 silly packumentCache full:https://registry.npmjs.org/find-up set size:undefined disposed:false
288 silly fetch manifest json-stable-stringify-without-jsonify@^1.0.1
289 silly packumentCache full:https://registry.npmjs.org/json-stable-stringify-without-jsonify cache-miss
290 http fetch GET 200 https://registry.npmjs.org/file-entry-cache 32ms (cache miss)
291 silly packumentCache full:https://registry.npmjs.org/file-entry-cache set size:undefined disposed:false
292 silly fetch manifest minimatch@^10.2.4
293 silly packumentCache full:https://registry.npmjs.org/minimatch cache-miss
294 http fetch GET 200 https://registry.npmjs.org/glob-parent 24ms (cache miss)
295 silly packumentCache full:https://registry.npmjs.org/glob-parent set size:undefined disposed:false
296 silly fetch manifest natural-compare@^1.4.0
297 silly packumentCache full:https://registry.npmjs.org/natural-compare cache-miss
298 http fetch GET 200 https://registry.npmjs.org/imurmurhash 21ms (cache miss)
299 silly packumentCache full:https://registry.npmjs.org/imurmurhash set size:undefined disposed:false
300 silly fetch manifest optionator@^0.9.3
301 silly packumentCache full:https://registry.npmjs.org/optionator cache-miss
302 http fetch GET 200 https://registry.npmjs.org/ignore 29ms (cache miss)
303 silly packumentCache full:https://registry.npmjs.org/ignore set size:undefined disposed:false
304 silly fetch manifest zod@^3.25.0 || ^4.0.0
305 silly packumentCache full:https://registry.npmjs.org/zod cache-miss
306 http fetch GET 200 https://registry.npmjs.org/json-stable-stringify-without-jsonify 26ms (cache miss)
307 silly packumentCache full:https://registry.npmjs.org/json-stable-stringify-without-jsonify set size:undefined disposed:false
308 silly fetch manifest @babel/core@^7.24.4
309 silly packumentCache full:https://registry.npmjs.org/@babel%2fcore cache-miss
310 http fetch GET 200 https://registry.npmjs.org/is-glob 29ms (cache miss)
311 silly packumentCache full:https://registry.npmjs.org/is-glob set size:undefined disposed:false
312 silly fetch manifest @babel/parser@^7.24.4
313 silly packumentCache full:https://registry.npmjs.org/@babel%2fparser cache-miss
314 http cache https://registry.npmjs.org/@babel%2fcore 3ms (cache hit)
315 silly packumentCache full:https://registry.npmjs.org/@babel%2fcore set size:768033 disposed:false
316 silly fetch manifest hermes-parser@^0.25.1
317 silly packumentCache full:https://registry.npmjs.org/hermes-parser cache-miss
318 http fetch GET 200 https://registry.npmjs.org/minimatch 41ms (cache miss)
319 silly packumentCache full:https://registry.npmjs.org/minimatch set size:undefined disposed:false
320 silly fetch manifest zod-validation-error@^3.5.0 || ^4.0.0
321 silly packumentCache full:https://registry.npmjs.org/zod-validation-error cache-miss
322 http fetch GET 200 https://registry.npmjs.org/natural-compare 32ms (cache miss)
323 silly packumentCache full:https://registry.npmjs.org/natural-compare set size:undefined disposed:false
324 silly fetch manifest scheduler@^0.27.0
325 silly packumentCache full:https://registry.npmjs.org/scheduler cache-miss
326 http fetch GET 200 https://registry.npmjs.org/optionator 32ms (cache miss)
327 silly packumentCache full:https://registry.npmjs.org/optionator set size:undefined disposed:false
328 silly fetch manifest @typescript-eslint/utils@8.59.4
329 silly packumentCache full:https://registry.npmjs.org/@typescript-eslint%2futils cache-miss
330 http fetch GET 200 https://registry.npmjs.org/hermes-parser 25ms (cache miss)
331 silly packumentCache full:https://registry.npmjs.org/hermes-parser set size:undefined disposed:false
332 silly fetch manifest @typescript-eslint/parser@8.59.4
333 silly packumentCache full:https://registry.npmjs.org/@typescript-eslint%2fparser cache-miss
334 http fetch GET 200 https://registry.npmjs.org/@babel%2fparser 51ms (cache miss)
335 silly packumentCache full:https://registry.npmjs.org/@babel%2fparser set size:undefined disposed:false
336 silly fetch manifest @typescript-eslint/eslint-plugin@8.59.4
337 silly packumentCache full:https://registry.npmjs.org/@typescript-eslint%2feslint-plugin cache-miss
338 http fetch GET 200 https://registry.npmjs.org/escape-string-regexp 209ms (cache miss)
339 silly packumentCache full:https://registry.npmjs.org/escape-string-regexp set size:undefined disposed:false
340 silly fetch manifest @typescript-eslint/typescript-estree@8.59.4
341 silly packumentCache full:https://registry.npmjs.org/@typescript-eslint%2ftypescript-estree cache-miss
342 http fetch GET 200 https://registry.npmjs.org/zod 155ms (cache miss)
343 silly packumentCache full:https://registry.npmjs.org/zod set size:undefined disposed:false
344 http fetch GET 200 https://registry.npmjs.org/zod-validation-error 292ms (cache miss)
345 silly packumentCache full:https://registry.npmjs.org/zod-validation-error set size:undefined disposed:false
346 http fetch GET 200 https://registry.npmjs.org/scheduler 472ms (cache miss)
347 silly packumentCache full:https://registry.npmjs.org/scheduler set size:undefined disposed:false
348 http fetch GET 200 https://registry.npmjs.org/@typescript-eslint%2futils 734ms (cache miss)
349 silly packumentCache full:https://registry.npmjs.org/@typescript-eslint%2futils set size:undefined disposed:false
350 http fetch GET 200 https://registry.npmjs.org/@typescript-eslint%2feslint-plugin 843ms (cache miss)
351 silly packumentCache full:https://registry.npmjs.org/@typescript-eslint%2feslint-plugin set size:undefined disposed:false
352 http fetch GET 200 https://registry.npmjs.org/@typescript-eslint%2fparser 1119ms (cache miss)
353 silly packumentCache full:https://registry.npmjs.org/@typescript-eslint%2fparser set size:undefined disposed:false
354 http fetch GET 200 https://registry.npmjs.org/@typescript-eslint%2ftypescript-estree 1120ms (cache miss)
355 silly packumentCache full:https://registry.npmjs.org/@typescript-eslint%2ftypescript-estree set size:undefined disposed:false
356 silly placeDep ROOT undici-types@7.16.0 OK for: @types/node@24.12.4 want: ~7.16.0
357 silly placeDep ROOT csstype@3.2.3 OK for: @types/react@19.2.15 want: ^3.2.2
358 silly placeDep ROOT @rolldown/pluginutils@1.0.1 OK for: @vitejs/plugin-react@6.0.2 want: ^1.0.0
359 silly fetch manifest eslint@^6.0.0 || ^7.0.0 || >=8.0.0
360 silly packumentCache full:https://registry.npmjs.org/eslint cache-miss
361 http cache https://registry.npmjs.org/eslint 12ms (cache hit)
362 silly packumentCache full:https://registry.npmjs.org/eslint set size:1997485 disposed:false
363 silly placeDep ROOT @eslint-community/eslint-utils@4.9.1 OK for: eslint@10.4.0 want: ^4.8.0
364 silly placeDep ROOT @eslint-community/regexpp@4.12.2 OK for: eslint@10.4.0 want: ^4.12.2
365 silly placeDep ROOT @eslint/config-array@0.23.5 OK for: eslint@10.4.0 want: ^0.23.5
366 silly placeDep ROOT @eslint/config-helpers@0.6.0 OK for: eslint@10.4.0 want: ^0.6.0
367 silly placeDep ROOT @eslint/core@1.2.1 OK for: eslint@10.4.0 want: ^1.2.1
368 silly placeDep ROOT @eslint/plugin-kit@0.7.1 OK for: eslint@10.4.0 want: ^0.7.1
369 silly placeDep ROOT @humanfs/node@0.16.8 OK for: eslint@10.4.0 want: ^0.16.6
370 silly placeDep ROOT @humanwhocodes/module-importer@1.0.1 OK for: eslint@10.4.0 want: ^1.0.1
371 silly placeDep ROOT @humanwhocodes/retry@0.4.3 OK for: eslint@10.4.0 want: ^0.4.2
372 silly placeDep ROOT @types/estree@1.0.9 OK for: eslint@10.4.0 want: ^1.0.6
373 silly placeDep ROOT ajv@6.15.0 OK for: eslint@10.4.0 want: ^6.14.0
374 silly placeDep ROOT cross-spawn@7.0.6 OK for: eslint@10.4.0 want: ^7.0.6
375 silly placeDep ROOT debug@4.4.3 OK for: eslint@10.4.0 want: ^4.3.2
376 silly placeDep ROOT escape-string-regexp@4.0.0 OK for: eslint@10.4.0 want: ^4.0.0
377 silly placeDep ROOT eslint-scope@9.1.2 OK for: eslint@10.4.0 want: ^9.1.2
378 silly placeDep ROOT eslint-visitor-keys@5.0.1 OK for: eslint@10.4.0 want: ^5.0.1
379 silly placeDep ROOT espree@11.2.0 OK for: eslint@10.4.0 want: ^11.2.0
380 silly placeDep ROOT esquery@1.7.0 OK for: eslint@10.4.0 want: ^1.7.0
381 silly placeDep ROOT esutils@2.0.3 OK for: eslint@10.4.0 want: ^2.0.2
382 silly placeDep ROOT fast-deep-equal@3.1.3 OK for: eslint@10.4.0 want: ^3.1.3
383 silly placeDep ROOT file-entry-cache@8.0.0 OK for: eslint@10.4.0 want: ^8.0.0
384 silly placeDep ROOT find-up@5.0.0 OK for: eslint@10.4.0 want: ^5.0.0
385 silly placeDep ROOT glob-parent@6.0.2 OK for: eslint@10.4.0 want: ^6.0.2
386 silly placeDep ROOT ignore@5.3.2 OK for: eslint@10.4.0 want: ^5.2.0
387 silly placeDep ROOT imurmurhash@0.1.4 OK for: eslint@10.4.0 want: ^0.1.4
388 silly placeDep ROOT is-glob@4.0.3 OK for: eslint@10.4.0 want: ^4.0.0
389 silly placeDep ROOT json-stable-stringify-without-jsonify@1.0.1 OK for: eslint@10.4.0 want: ^1.0.1
390 silly placeDep ROOT minimatch@10.2.5 OK for: eslint@10.4.0 want: ^10.2.4
391 silly placeDep ROOT natural-compare@1.4.0 OK for: eslint@10.4.0 want: ^1.4.0
392 silly placeDep ROOT optionator@0.9.4 OK for: eslint@10.4.0 want: ^0.9.3
393 silly fetch manifest eslint-visitor-keys@^3.4.3
394 silly packumentCache full:https://registry.npmjs.org/eslint-visitor-keys cache-miss
395 silly fetch manifest @eslint/object-schema@^3.0.5
396 silly packumentCache full:https://registry.npmjs.org/@eslint%2fobject-schema cache-miss
397 silly fetch manifest debug@^4.3.1
398 silly packumentCache full:https://registry.npmjs.org/debug cache-miss
399 silly fetch manifest @types/json-schema@^7.0.15
400 silly packumentCache full:https://registry.npmjs.org/@types%2fjson-schema cache-miss
401 silly fetch manifest levn@^0.4.1
402 silly packumentCache full:https://registry.npmjs.org/levn cache-miss
403 silly fetch manifest @humanwhocodes/retry@^0.4.0
404 silly packumentCache full:https://registry.npmjs.org/@humanwhocodes%2fretry cache-miss
405 silly fetch manifest @humanfs/core@^0.19.2
406 silly packumentCache full:https://registry.npmjs.org/@humanfs%2fcore cache-miss
407 http cache https://registry.npmjs.org/debug 5ms (cache hit)
408 silly packumentCache full:https://registry.npmjs.org/debug set size:195840 disposed:false
409 silly fetch manifest @humanfs/types@^0.15.0
410 silly packumentCache full:https://registry.npmjs.org/@humanfs%2ftypes cache-miss
411 http cache https://registry.npmjs.org/@humanwhocodes%2fretry 7ms (cache hit)
412 silly packumentCache full:https://registry.npmjs.org/@humanwhocodes%2fretry set size:42348 disposed:false
413 silly fetch manifest uri-js@^4.2.2
414 silly packumentCache full:https://registry.npmjs.org/uri-js cache-miss
415 http cache https://registry.npmjs.org/eslint-visitor-keys 10ms (cache hit)
416 silly packumentCache full:https://registry.npmjs.org/eslint-visitor-keys set size:69949 disposed:false
417 silly fetch manifest fast-deep-equal@^3.1.1
418 silly packumentCache full:https://registry.npmjs.org/fast-deep-equal cache-miss
419 http cache https://registry.npmjs.org/fast-deep-equal 1ms (cache hit)
420 silly packumentCache full:https://registry.npmjs.org/fast-deep-equal set size:48634 disposed:false
421 silly fetch manifest json-schema-traverse@^0.4.1
422 silly packumentCache full:https://registry.npmjs.org/json-schema-traverse cache-miss
423 http fetch GET 200 https://registry.npmjs.org/levn 25ms (cache miss)
424 silly packumentCache full:https://registry.npmjs.org/levn set size:undefined disposed:false
425 silly fetch manifest fast-json-stable-stringify@^2.0.0
426 silly packumentCache full:https://registry.npmjs.org/fast-json-stable-stringify cache-miss
427 http fetch GET 200 https://registry.npmjs.org/uri-js 23ms (cache miss)
428 silly packumentCache full:https://registry.npmjs.org/uri-js set size:undefined disposed:false
429 silly fetch manifest which@^2.0.1
430 silly packumentCache full:https://registry.npmjs.org/which cache-miss
431 http fetch GET 200 https://registry.npmjs.org/@eslint%2fobject-schema 35ms (cache miss)
432 silly packumentCache full:https://registry.npmjs.org/@eslint%2fobject-schema set size:undefined disposed:false
433 silly fetch manifest path-key@^3.1.0
434 silly packumentCache full:https://registry.npmjs.org/path-key cache-miss
435 http fetch GET 200 https://registry.npmjs.org/json-schema-traverse 25ms (cache miss)
436 silly packumentCache full:https://registry.npmjs.org/json-schema-traverse set size:undefined disposed:false
437 silly fetch manifest shebang-command@^2.0.0
438 silly packumentCache full:https://registry.npmjs.org/shebang-command cache-miss
439 http fetch GET 200 https://registry.npmjs.org/@humanfs%2fcore 37ms (cache miss)
440 silly packumentCache full:https://registry.npmjs.org/@humanfs%2fcore set size:undefined disposed:false
441 silly fetch manifest ms@^2.1.3
442 silly packumentCache full:https://registry.npmjs.org/ms cache-miss
443 http fetch GET 200 https://registry.npmjs.org/@types%2fjson-schema 43ms (cache miss)
444 silly packumentCache full:https://registry.npmjs.org/@types%2fjson-schema set size:undefined disposed:false
445 silly fetch manifest @types/esrecurse@^4.3.1
446 silly packumentCache full:https://registry.npmjs.org/@types%2fesrecurse cache-miss
447 http fetch GET 200 https://registry.npmjs.org/@humanfs%2ftypes 37ms (cache miss)
448 silly packumentCache full:https://registry.npmjs.org/@humanfs%2ftypes set size:undefined disposed:false
449 silly fetch manifest esrecurse@^4.3.0
450 silly packumentCache full:https://registry.npmjs.org/esrecurse cache-miss
451 http fetch GET 200 https://registry.npmjs.org/fast-json-stable-stringify 21ms (cache miss)
452 silly packumentCache full:https://registry.npmjs.org/fast-json-stable-stringify set size:undefined disposed:false
453 silly fetch manifest estraverse@^5.2.0
454 silly packumentCache full:https://registry.npmjs.org/estraverse cache-miss
455 http fetch GET 200 https://registry.npmjs.org/which 23ms (cache miss)
456 silly packumentCache full:https://registry.npmjs.org/which set size:undefined disposed:false
457 silly fetch manifest acorn@^8.16.0
458 silly packumentCache full:https://registry.npmjs.org/acorn cache-miss
459 http fetch GET 200 https://registry.npmjs.org/path-key 22ms (cache miss)
460 silly packumentCache full:https://registry.npmjs.org/path-key set size:undefined disposed:false
461 silly fetch manifest acorn-jsx@^5.3.2
462 silly packumentCache full:https://registry.npmjs.org/acorn-jsx cache-miss
463 http fetch GET 200 https://registry.npmjs.org/shebang-command 22ms (cache miss)
464 silly packumentCache full:https://registry.npmjs.org/shebang-command set size:undefined disposed:false
465 silly fetch manifest estraverse@^5.1.0
466 silly packumentCache full:https://registry.npmjs.org/estraverse cache-miss
467 http fetch GET 200 https://registry.npmjs.org/esrecurse 21ms (cache miss)
468 silly packumentCache full:https://registry.npmjs.org/esrecurse set size:undefined disposed:false
469 silly fetch manifest flat-cache@^4.0.0
470 silly packumentCache full:https://registry.npmjs.org/flat-cache cache-miss
471 http fetch GET 200 https://registry.npmjs.org/ms 27ms (cache miss)
472 silly packumentCache full:https://registry.npmjs.org/ms set size:undefined disposed:false
473 silly fetch manifest locate-path@^6.0.0
474 silly packumentCache full:https://registry.npmjs.org/locate-path cache-miss
475 http fetch GET 200 https://registry.npmjs.org/estraverse 25ms (cache miss)
476 silly packumentCache full:https://registry.npmjs.org/estraverse set size:undefined disposed:false
477 silly fetch manifest path-exists@^4.0.0
478 silly packumentCache full:https://registry.npmjs.org/path-exists cache-miss
479 http fetch GET 200 https://registry.npmjs.org/@types%2fesrecurse 34ms (cache miss)
480 silly packumentCache full:https://registry.npmjs.org/@types%2fesrecurse set size:undefined disposed:false
481 silly fetch manifest is-glob@^4.0.3
482 silly packumentCache full:https://registry.npmjs.org/is-glob cache-miss
483 http cache https://registry.npmjs.org/is-glob 3ms (cache hit)
484 silly packumentCache full:https://registry.npmjs.org/is-glob set size:40530 disposed:false
485 silly fetch manifest is-extglob@^2.1.1
486 silly packumentCache full:https://registry.npmjs.org/is-extglob cache-miss
487 http fetch GET 200 https://registry.npmjs.org/acorn-jsx 23ms (cache miss)
488 silly packumentCache full:https://registry.npmjs.org/acorn-jsx set size:undefined disposed:false
489 silly fetch manifest brace-expansion@^5.0.5
490 silly packumentCache full:https://registry.npmjs.org/brace-expansion cache-miss
491 http fetch GET 200 https://registry.npmjs.org/estraverse 25ms (cache miss)
492 silly packumentCache full:https://registry.npmjs.org/estraverse set size:undefined disposed:false
493 silly fetch manifest prelude-ls@^1.2.1
494 silly packumentCache full:https://registry.npmjs.org/prelude-ls cache-miss
495 http fetch GET 200 https://registry.npmjs.org/locate-path 28ms (cache miss)
496 silly packumentCache full:https://registry.npmjs.org/locate-path set size:undefined disposed:false
497 silly fetch manifest deep-is@^0.1.3
498 silly packumentCache full:https://registry.npmjs.org/deep-is cache-miss
499 http fetch GET 200 https://registry.npmjs.org/path-exists 24ms (cache miss)
500 silly packumentCache full:https://registry.npmjs.org/path-exists set size:undefined disposed:false
501 silly fetch manifest word-wrap@^1.2.5
502 silly packumentCache full:https://registry.npmjs.org/word-wrap cache-miss
503 http fetch GET 200 https://registry.npmjs.org/acorn 42ms (cache miss)
504 silly packumentCache full:https://registry.npmjs.org/acorn set size:undefined disposed:false
505 silly fetch manifest type-check@^0.4.0
506 silly packumentCache full:https://registry.npmjs.org/type-check cache-miss
507 http fetch GET 200 https://registry.npmjs.org/flat-cache 37ms (cache miss)
508 silly packumentCache full:https://registry.npmjs.org/flat-cache set size:undefined disposed:false
509 silly fetch manifest fast-levenshtein@^2.0.6
510 silly packumentCache full:https://registry.npmjs.org/fast-levenshtein cache-miss
511 http fetch GET 200 https://registry.npmjs.org/brace-expansion 24ms (cache miss)
512 silly packumentCache full:https://registry.npmjs.org/brace-expansion set size:undefined disposed:false
513 http fetch GET 200 https://registry.npmjs.org/prelude-ls 23ms (cache miss)
514 silly packumentCache full:https://registry.npmjs.org/prelude-ls set size:undefined disposed:false
515 http fetch GET 200 https://registry.npmjs.org/deep-is 21ms (cache miss)
516 silly packumentCache full:https://registry.npmjs.org/deep-is set size:undefined disposed:false
517 http fetch GET 200 https://registry.npmjs.org/type-check 23ms (cache miss)
518 silly packumentCache full:https://registry.npmjs.org/type-check set size:undefined disposed:false
519 http fetch GET 200 https://registry.npmjs.org/word-wrap 27ms (cache miss)
520 silly packumentCache full:https://registry.npmjs.org/word-wrap set size:undefined disposed:false
521 http fetch GET 200 https://registry.npmjs.org/is-extglob 197ms (cache miss)
522 silly packumentCache full:https://registry.npmjs.org/is-extglob set size:undefined disposed:false
523 http fetch GET 200 https://registry.npmjs.org/fast-levenshtein 188ms (cache miss)
524 silly packumentCache full:https://registry.npmjs.org/fast-levenshtein set size:undefined disposed:false
525 silly placeDep node_modules/@eslint-community/eslint-utils eslint-visitor-keys@3.4.3 OK for: @eslint-community/eslint-utils@4.9.1 want: ^3.4.3
526 silly placeDep ROOT @eslint/object-schema@3.0.5 OK for: @eslint/config-array@0.23.5 want: ^3.0.5
527 silly placeDep ROOT @types/json-schema@7.0.15 OK for: @eslint/core@1.2.1 want: ^7.0.15
528 silly placeDep ROOT levn@0.4.1 OK for: @eslint/plugin-kit@0.7.1 want: ^0.4.1
529 silly fetch manifest type-check@~0.4.0
530 silly packumentCache full:https://registry.npmjs.org/type-check cache-miss
531 http cache https://registry.npmjs.org/type-check 2ms (cache hit)
532 silly packumentCache full:https://registry.npmjs.org/type-check set size:21221 disposed:false
533 silly placeDep ROOT @humanfs/core@0.19.2 OK for: @humanfs/node@0.16.8 want: ^0.19.2
534 silly placeDep ROOT @humanfs/types@0.15.0 OK for: @humanfs/node@0.16.8 want: ^0.15.0
535 silly placeDep ROOT fast-json-stable-stringify@2.1.0 OK for: ajv@6.15.0 want: ^2.0.0
536 silly placeDep ROOT json-schema-traverse@0.4.1 OK for: ajv@6.15.0 want: ^0.4.1
537 silly placeDep ROOT uri-js@4.4.1 OK for: ajv@6.15.0 want: ^4.2.2
538 silly fetch manifest punycode@^2.1.0
539 silly packumentCache full:https://registry.npmjs.org/punycode cache-miss
540 http fetch GET 200 https://registry.npmjs.org/punycode 23ms (cache miss)
541 silly packumentCache full:https://registry.npmjs.org/punycode set size:undefined disposed:false
542 silly placeDep ROOT path-key@3.1.1 OK for: cross-spawn@7.0.6 want: ^3.1.0
543 silly placeDep ROOT shebang-command@2.0.0 OK for: cross-spawn@7.0.6 want: ^2.0.0
544 silly placeDep ROOT which@2.0.2 OK for: cross-spawn@7.0.6 want: ^2.0.1
545 silly fetch manifest shebang-regex@^3.0.0
546 silly packumentCache full:https://registry.npmjs.org/shebang-regex cache-miss
547 silly fetch manifest isexe@^2.0.0
548 silly packumentCache full:https://registry.npmjs.org/isexe cache-miss
549 http fetch GET 200 https://registry.npmjs.org/isexe 26ms (cache miss)
550 silly packumentCache full:https://registry.npmjs.org/isexe set size:undefined disposed:false
551 http fetch GET 200 https://registry.npmjs.org/shebang-regex 191ms (cache miss)
552 silly packumentCache full:https://registry.npmjs.org/shebang-regex set size:undefined disposed:false
553 silly placeDep ROOT ms@2.1.3 OK for: debug@4.4.3 want: ^2.1.3
554 silly placeDep ROOT @babel/core@7.29.0 OK for: eslint-plugin-react-hooks@7.1.1 want: ^7.24.4
555 silly placeDep ROOT @babel/parser@7.29.3 OK for: eslint-plugin-react-hooks@7.1.1 want: ^7.24.4
556 silly placeDep ROOT hermes-parser@0.25.1 OK for: eslint-plugin-react-hooks@7.1.1 want: ^0.25.1
557 silly placeDep ROOT zod@4.4.3 OK for: eslint-plugin-react-hooks@7.1.1 want: ^3.25.0 || ^4.0.0
558 silly placeDep ROOT zod-validation-error@4.0.2 OK for: eslint-plugin-react-hooks@7.1.1 want: ^3.5.0 || ^4.0.0
559 silly fetch manifest json5@^2.2.3
560 silly packumentCache full:https://registry.npmjs.org/json5 cache-miss
561 silly fetch manifest semver@^6.3.1
562 silly packumentCache full:https://registry.npmjs.org/semver cache-miss
563 silly fetch manifest gensync@^1.0.0-beta.2
564 silly packumentCache full:https://registry.npmjs.org/gensync cache-miss
565 silly fetch manifest @babel/types@^7.29.0
566 silly packumentCache full:https://registry.npmjs.org/@babel%2ftypes cache-miss
567 silly fetch manifest @babel/parser@^7.29.0
568 silly packumentCache full:https://registry.npmjs.org/@babel%2fparser cache-miss
569 silly fetch manifest @babel/helpers@^7.28.6
570 silly packumentCache full:https://registry.npmjs.org/@babel%2fhelpers cache-miss
571 silly fetch manifest @babel/template@^7.28.6
572 silly packumentCache full:https://registry.npmjs.org/@babel%2ftemplate cache-miss
573 http cache https://registry.npmjs.org/@babel%2fparser 7ms (cache hit)
574 silly packumentCache full:https://registry.npmjs.org/@babel%2fparser set size:725652 disposed:false
575 silly fetch manifest @babel/traverse@^7.29.0
576 silly packumentCache full:https://registry.npmjs.org/@babel%2ftraverse cache-miss
577 http fetch GET 200 https://registry.npmjs.org/json5 33ms (cache miss)
578 silly packumentCache full:https://registry.npmjs.org/json5 set size:undefined disposed:false
579 silly fetch manifest @babel/generator@^7.29.0
580 silly packumentCache full:https://registry.npmjs.org/@babel%2fgenerator cache-miss
581 http fetch GET 200 https://registry.npmjs.org/gensync 35ms (cache miss)
582 silly packumentCache full:https://registry.npmjs.org/gensync set size:undefined disposed:false
583 silly fetch manifest @babel/code-frame@^7.29.0
584 silly packumentCache full:https://registry.npmjs.org/@babel%2fcode-frame cache-miss
585 http fetch GET 200 https://registry.npmjs.org/semver 46ms (cache miss)
586 silly packumentCache full:https://registry.npmjs.org/semver set size:undefined disposed:false
587 silly fetch manifest convert-source-map@^2.0.0
588 silly packumentCache full:https://registry.npmjs.org/convert-source-map cache-miss
589 http fetch GET 200 https://registry.npmjs.org/@babel%2fhelpers 53ms (cache miss)
590 silly packumentCache full:https://registry.npmjs.org/@babel%2fhelpers set size:undefined disposed:false
591 silly fetch manifest @jridgewell/remapping@^2.3.5
592 silly packumentCache full:https://registry.npmjs.org/@jridgewell%2fremapping cache-miss
593 http fetch GET 200 https://registry.npmjs.org/@babel%2ftemplate 58ms (cache miss)
594 silly packumentCache full:https://registry.npmjs.org/@babel%2ftemplate set size:undefined disposed:false
595 silly fetch manifest @babel/helper-module-transforms@^7.28.6
596 silly packumentCache full:https://registry.npmjs.org/@babel%2fhelper-module-transforms cache-miss
597 http fetch GET 200 https://registry.npmjs.org/@babel%2ftraverse 55ms (cache miss)
598 silly packumentCache full:https://registry.npmjs.org/@babel%2ftraverse set size:undefined disposed:false
599 silly fetch manifest @babel/helper-compilation-targets@^7.28.6
600 silly packumentCache full:https://registry.npmjs.org/@babel%2fhelper-compilation-targets cache-miss
601 http fetch GET 200 https://registry.npmjs.org/@babel%2ftypes 74ms (cache miss)
602 silly packumentCache full:https://registry.npmjs.org/@babel%2ftypes set size:undefined disposed:false
603 silly fetch manifest hermes-estree@0.25.1
604 silly packumentCache full:https://registry.npmjs.org/hermes-estree cache-miss
605 http fetch GET 200 https://registry.npmjs.org/@babel%2fcode-frame 47ms (cache miss)
606 silly packumentCache full:https://registry.npmjs.org/@babel%2fcode-frame set size:undefined disposed:false
607 http fetch GET 200 https://registry.npmjs.org/convert-source-map 37ms (cache miss)
608 silly packumentCache full:https://registry.npmjs.org/convert-source-map set size:undefined disposed:false
609 http fetch GET 200 https://registry.npmjs.org/@jridgewell%2fremapping 34ms (cache miss)
610 silly packumentCache full:https://registry.npmjs.org/@jridgewell%2fremapping set size:undefined disposed:false
611 http fetch GET 200 https://registry.npmjs.org/@babel%2fgenerator 59ms (cache miss)
612 silly packumentCache full:https://registry.npmjs.org/@babel%2fgenerator set size:undefined disposed:false
613 http fetch GET 200 https://registry.npmjs.org/hermes-estree 26ms (cache miss)
614 silly packumentCache full:https://registry.npmjs.org/hermes-estree set size:undefined disposed:false
615 http fetch GET 200 https://registry.npmjs.org/@babel%2fhelper-compilation-targets 42ms (cache miss)
616 silly packumentCache full:https://registry.npmjs.org/@babel%2fhelper-compilation-targets set size:undefined disposed:false
617 http fetch GET 200 https://registry.npmjs.org/@babel%2fhelper-module-transforms 57ms (cache miss)
618 silly packumentCache full:https://registry.npmjs.org/@babel%2fhelper-module-transforms set size:undefined disposed:false
619 silly fetch manifest @babel/core@^7.0.0
620 silly packumentCache full:https://registry.npmjs.org/@babel%2fcore cache-hit
621 silly placeDep ROOT @babel/code-frame@7.29.0 OK for: @babel/core@7.29.0 want: ^7.29.0
622 silly placeDep ROOT @babel/generator@7.29.1 OK for: @babel/core@7.29.0 want: ^7.29.0
623 silly placeDep ROOT @babel/helper-compilation-targets@7.28.6 OK for: @babel/core@7.29.0 want: ^7.28.6
624 silly placeDep ROOT @babel/helper-module-transforms@7.28.6 OK for: @babel/core@7.29.0 want: ^7.28.6
625 silly placeDep ROOT @babel/helpers@7.29.2 OK for: @babel/core@7.29.0 want: ^7.28.6
626 silly placeDep ROOT @babel/template@7.28.6 OK for: @babel/core@7.29.0 want: ^7.28.6
627 silly placeDep ROOT @babel/traverse@7.29.0 OK for: @babel/core@7.29.0 want: ^7.29.0
628 silly placeDep ROOT @babel/types@7.29.0 OK for: @babel/core@7.29.0 want: ^7.29.0
629 silly placeDep ROOT @jridgewell/remapping@2.3.5 OK for: @babel/core@7.29.0 want: ^2.3.5
630 silly placeDep ROOT convert-source-map@2.0.0 OK for: @babel/core@7.29.0 want: ^2.0.0
631 silly placeDep ROOT gensync@1.0.0-beta.2 OK for: @babel/core@7.29.0 want: ^1.0.0-beta.2
632 silly placeDep ROOT json5@2.2.3 OK for: @babel/core@7.29.0 want: ^2.2.3
633 silly placeDep ROOT semver@6.3.1 OK for: @babel/core@7.29.0 want: ^6.3.1
634 silly fetch manifest js-tokens@^4.0.0
635 silly packumentCache full:https://registry.npmjs.org/js-tokens cache-miss
636 silly fetch manifest picocolors@^1.1.1
637 silly packumentCache full:https://registry.npmjs.org/picocolors cache-miss
638 silly fetch manifest @babel/helper-validator-identifier@^7.28.5
639 silly packumentCache full:https://registry.npmjs.org/@babel%2fhelper-validator-identifier cache-miss
640 silly fetch manifest jsesc@^3.0.2
641 silly packumentCache full:https://registry.npmjs.org/jsesc cache-miss
642 silly fetch manifest @jridgewell/gen-mapping@^0.3.12
643 silly packumentCache full:https://registry.npmjs.org/@jridgewell%2fgen-mapping cache-miss
644 silly fetch manifest @jridgewell/trace-mapping@^0.3.28
645 silly packumentCache full:https://registry.npmjs.org/@jridgewell%2ftrace-mapping cache-miss
646 silly fetch manifest lru-cache@^5.1.1
647 silly packumentCache full:https://registry.npmjs.org/lru-cache cache-miss
648 http fetch GET 200 https://registry.npmjs.org/picocolors 27ms (cache miss)
649 silly packumentCache full:https://registry.npmjs.org/picocolors set size:undefined disposed:false
650 silly fetch manifest browserslist@^4.24.0
651 silly packumentCache full:https://registry.npmjs.org/browserslist cache-miss
652 http fetch GET 200 https://registry.npmjs.org/jsesc 28ms (cache miss)
653 silly packumentCache full:https://registry.npmjs.org/jsesc set size:undefined disposed:false
654 silly fetch manifest @babel/compat-data@^7.28.6
655 silly packumentCache full:https://registry.npmjs.org/@babel%2fcompat-data cache-miss
656 http fetch GET 200 https://registry.npmjs.org/js-tokens 31ms (cache miss)
657 silly packumentCache full:https://registry.npmjs.org/js-tokens set size:undefined disposed:false
658 silly fetch manifest @babel/helper-validator-option@^7.27.1
659 silly packumentCache full:https://registry.npmjs.org/@babel%2fhelper-validator-option cache-miss
660 http fetch GET 200 https://registry.npmjs.org/@babel%2fhelper-validator-identifier 34ms (cache miss)
661 silly packumentCache full:https://registry.npmjs.org/@babel%2fhelper-validator-identifier set size:undefined disposed:false
662 silly fetch manifest @babel/traverse@^7.28.6
663 silly packumentCache full:https://registry.npmjs.org/@babel%2ftraverse cache-miss
664 http cache https://registry.npmjs.org/@babel%2ftraverse 2ms (cache hit)
665 silly packumentCache full:https://registry.npmjs.org/@babel%2ftraverse set size:553169 disposed:false
666 silly fetch manifest @babel/helper-module-imports@^7.28.6
667 silly packumentCache full:https://registry.npmjs.org/@babel%2fhelper-module-imports cache-miss
668 http fetch GET 200 https://registry.npmjs.org/@jridgewell%2fgen-mapping 41ms (cache miss)
669 silly packumentCache full:https://registry.npmjs.org/@jridgewell%2fgen-mapping set size:undefined disposed:false
670 silly fetch manifest @babel/types@^7.28.6
671 silly packumentCache full:https://registry.npmjs.org/@babel%2ftypes cache-miss
672 http cache https://registry.npmjs.org/@babel%2ftypes 2ms (cache hit)
673 silly packumentCache full:https://registry.npmjs.org/@babel%2ftypes set size:491978 disposed:false
674 silly fetch manifest @babel/helper-globals@^7.28.0
675 silly packumentCache full:https://registry.npmjs.org/@babel%2fhelper-globals cache-miss
676 http fetch GET 200 https://registry.npmjs.org/@jridgewell%2ftrace-mapping 49ms (cache miss)
677 silly packumentCache full:https://registry.npmjs.org/@jridgewell%2ftrace-mapping set size:undefined disposed:false
678 silly fetch manifest @babel/helper-string-parser@^7.27.1
679 silly packumentCache full:https://registry.npmjs.org/@babel%2fhelper-string-parser cache-miss
680 http fetch GET 200 https://registry.npmjs.org/@babel%2fhelper-validator-option 36ms (cache miss)
681 silly packumentCache full:https://registry.npmjs.org/@babel%2fhelper-validator-option set size:undefined disposed:false
682 silly fetch manifest @jridgewell/gen-mapping@^0.3.5
683 silly packumentCache full:https://registry.npmjs.org/@jridgewell%2fgen-mapping cache-miss
684 http cache https://registry.npmjs.org/@jridgewell%2fgen-mapping 2ms (cache hit)
685 silly packumentCache full:https://registry.npmjs.org/@jridgewell%2fgen-mapping set size:75941 disposed:false
686 silly fetch manifest @jridgewell/trace-mapping@^0.3.24
687 silly packumentCache full:https://registry.npmjs.org/@jridgewell%2ftrace-mapping cache-miss
688 http cache https://registry.npmjs.org/@jridgewell%2ftrace-mapping 1ms (cache hit)
689 silly packumentCache full:https://registry.npmjs.org/@jridgewell%2ftrace-mapping set size:170909 disposed:false
690 http fetch GET 200 https://registry.npmjs.org/@babel%2fcompat-data 51ms (cache miss)
691 silly packumentCache full:https://registry.npmjs.org/@babel%2fcompat-data set size:undefined disposed:false
692 http fetch GET 200 https://registry.npmjs.org/@babel%2fhelper-module-imports 44ms (cache miss)
693 silly packumentCache full:https://registry.npmjs.org/@babel%2fhelper-module-imports set size:undefined disposed:false
694 http fetch GET 200 https://registry.npmjs.org/lru-cache 85ms (cache miss)
695 silly packumentCache full:https://registry.npmjs.org/lru-cache set size:undefined disposed:false
696 http fetch GET 200 https://registry.npmjs.org/@babel%2fhelper-globals 42ms (cache miss)
697 silly packumentCache full:https://registry.npmjs.org/@babel%2fhelper-globals set size:undefined disposed:false
698 http fetch GET 200 https://registry.npmjs.org/browserslist 63ms (cache miss)
699 silly packumentCache full:https://registry.npmjs.org/browserslist set size:undefined disposed:false
700 http fetch GET 200 https://registry.npmjs.org/@babel%2fhelper-string-parser 43ms (cache miss)
701 silly packumentCache full:https://registry.npmjs.org/@babel%2fhelper-string-parser set size:undefined disposed:false
702 silly placeDep ROOT @babel/helper-validator-identifier@7.28.5 OK for: @babel/code-frame@7.29.0 want: ^7.28.5
703 silly placeDep ROOT js-tokens@4.0.0 OK for: @babel/code-frame@7.29.0 want: ^4.0.0
704 silly placeDep ROOT picocolors@1.1.1 OK for: @babel/code-frame@7.29.0 want: ^1.1.1
705 silly placeDep ROOT @jridgewell/gen-mapping@0.3.13 OK for: @babel/generator@7.29.1 want: ^0.3.12
706 silly placeDep ROOT @jridgewell/trace-mapping@0.3.31 OK for: @babel/generator@7.29.1 want: ^0.3.28
707 silly placeDep ROOT jsesc@3.1.0 OK for: @babel/generator@7.29.1 want: ^3.0.2
708 silly fetch manifest @jridgewell/sourcemap-codec@^1.5.0
709 silly packumentCache full:https://registry.npmjs.org/@jridgewell%2fsourcemap-codec cache-miss
710 silly fetch manifest @jridgewell/resolve-uri@^3.1.0
711 silly packumentCache full:https://registry.npmjs.org/@jridgewell%2fresolve-uri cache-miss
712 silly fetch manifest @jridgewell/sourcemap-codec@^1.4.14
713 silly packumentCache full:https://registry.npmjs.org/@jridgewell%2fsourcemap-codec cache-miss
714 http fetch GET 200 https://registry.npmjs.org/@jridgewell%2fresolve-uri 34ms (cache miss)
715 silly packumentCache full:https://registry.npmjs.org/@jridgewell%2fresolve-uri set size:undefined disposed:false
716 http fetch GET 200 https://registry.npmjs.org/@jridgewell%2fsourcemap-codec 38ms (cache miss)
717 silly packumentCache full:https://registry.npmjs.org/@jridgewell%2fsourcemap-codec set size:undefined disposed:false
718 http fetch GET 200 https://registry.npmjs.org/@jridgewell%2fsourcemap-codec 44ms (cache miss)
719 silly packumentCache full:https://registry.npmjs.org/@jridgewell%2fsourcemap-codec set size:undefined disposed:false
720 silly placeDep ROOT @babel/compat-data@7.29.3 OK for: @babel/helper-compilation-targets@7.28.6 want: ^7.28.6
721 silly placeDep ROOT @babel/helper-validator-option@7.27.1 OK for: @babel/helper-compilation-targets@7.28.6 want: ^7.27.1
722 silly placeDep ROOT browserslist@4.28.2 OK for: @babel/helper-compilation-targets@7.28.6 want: ^4.24.0
723 silly placeDep ROOT lru-cache@5.1.1 OK for: @babel/helper-compilation-targets@7.28.6 want: ^5.1.1
724 silly fetch manifest baseline-browser-mapping@^2.10.12
725 silly packumentCache full:https://registry.npmjs.org/baseline-browser-mapping cache-miss
726 silly fetch manifest caniuse-lite@^1.0.30001782
727 silly packumentCache full:https://registry.npmjs.org/caniuse-lite cache-miss
728 silly fetch manifest electron-to-chromium@^1.5.328
729 silly packumentCache full:https://registry.npmjs.org/electron-to-chromium cache-miss
730 silly fetch manifest node-releases@^2.0.36
731 silly packumentCache full:https://registry.npmjs.org/node-releases cache-miss
732 silly fetch manifest update-browserslist-db@^1.2.3
733 silly packumentCache full:https://registry.npmjs.org/update-browserslist-db cache-miss
734 silly fetch manifest yallist@^3.0.2
735 silly packumentCache full:https://registry.npmjs.org/yallist cache-miss
736 http fetch GET 200 https://registry.npmjs.org/update-browserslist-db 24ms (cache miss)
737 silly packumentCache full:https://registry.npmjs.org/update-browserslist-db set size:undefined disposed:false
738 http fetch GET 200 https://registry.npmjs.org/node-releases 38ms (cache miss)
739 silly packumentCache full:https://registry.npmjs.org/node-releases set size:undefined disposed:false
740 http fetch GET 200 https://registry.npmjs.org/baseline-browser-mapping 42ms (cache miss)
741 silly packumentCache full:https://registry.npmjs.org/baseline-browser-mapping set size:undefined disposed:false
742 http fetch GET 200 https://registry.npmjs.org/caniuse-lite 138ms (cache miss)
743 silly packumentCache full:https://registry.npmjs.org/caniuse-lite set size:undefined disposed:false
744 http fetch GET 200 https://registry.npmjs.org/yallist 188ms (cache miss)
745 silly packumentCache full:https://registry.npmjs.org/yallist set size:undefined disposed:false
746 http fetch GET 200 https://registry.npmjs.org/electron-to-chromium 394ms (cache miss)
747 silly packumentCache full:https://registry.npmjs.org/electron-to-chromium set size:undefined disposed:false
748 silly placeDep ROOT @babel/helper-module-imports@7.28.6 OK for: @babel/helper-module-transforms@7.28.6 want: ^7.28.6
749 silly placeDep ROOT @babel/helper-globals@7.28.0 OK for: @babel/traverse@7.29.0 want: ^7.28.0
750 silly placeDep ROOT @babel/helper-string-parser@7.27.1 OK for: @babel/types@7.29.0 want: ^7.27.1
751 silly placeDep ROOT @jridgewell/sourcemap-codec@1.5.5 OK for: @jridgewell/gen-mapping@0.3.13 want: ^1.5.0
752 silly placeDep ROOT @jridgewell/resolve-uri@3.1.2 OK for: @jridgewell/trace-mapping@0.3.31 want: ^3.1.0
753 silly fetch manifest browserslist@>= 4.21.0
754 silly packumentCache full:https://registry.npmjs.org/browserslist cache-miss
755 http cache https://registry.npmjs.org/browserslist 2ms (cache hit)
756 silly packumentCache full:https://registry.npmjs.org/browserslist set size:504681 disposed:false
757 silly placeDep ROOT baseline-browser-mapping@2.10.32 OK for: browserslist@4.28.2 want: ^2.10.12
758 silly placeDep ROOT caniuse-lite@1.0.30001793 OK for: browserslist@4.28.2 want: ^1.0.30001782
759 silly placeDep ROOT electron-to-chromium@1.5.361 OK for: browserslist@4.28.2 want: ^1.5.328
760 silly placeDep ROOT node-releases@2.0.46 OK for: browserslist@4.28.2 want: ^2.0.36
761 silly placeDep ROOT update-browserslist-db@1.2.3 OK for: browserslist@4.28.2 want: ^1.2.3
762 silly fetch manifest escalade@^3.2.0
763 silly packumentCache full:https://registry.npmjs.org/escalade cache-miss
764 http fetch GET 200 https://registry.npmjs.org/escalade 26ms (cache miss)
765 silly packumentCache full:https://registry.npmjs.org/escalade set size:undefined disposed:false
766 silly placeDep ROOT @types/esrecurse@4.3.1 OK for: eslint-scope@9.1.2 want: ^4.3.1
767 silly placeDep ROOT esrecurse@4.3.0 OK for: eslint-scope@9.1.2 want: ^4.3.0
768 silly placeDep ROOT estraverse@5.3.0 OK for: eslint-scope@9.1.2 want: ^5.2.0
769 silly placeDep ROOT acorn@8.16.0 OK for: espree@11.2.0 want: ^8.16.0
770 silly placeDep ROOT acorn-jsx@5.3.2 OK for: espree@11.2.0 want: ^5.3.2
771 silly placeDep ROOT flat-cache@4.0.1 OK for: file-entry-cache@8.0.0 want: ^4.0.0
772 silly fetch manifest keyv@^4.5.4
773 silly packumentCache full:https://registry.npmjs.org/keyv cache-miss
774 silly fetch manifest flatted@^3.2.9
775 silly packumentCache full:https://registry.npmjs.org/flatted cache-miss
776 http fetch GET 200 https://registry.npmjs.org/keyv 31ms (cache miss)
777 silly packumentCache full:https://registry.npmjs.org/keyv set size:undefined disposed:false
778 http fetch GET 200 https://registry.npmjs.org/flatted 33ms (cache miss)
779 silly packumentCache full:https://registry.npmjs.org/flatted set size:undefined disposed:false
780 silly placeDep ROOT locate-path@6.0.0 OK for: find-up@5.0.0 want: ^6.0.0
781 silly placeDep ROOT path-exists@4.0.0 OK for: find-up@5.0.0 want: ^4.0.0
782 silly fetch manifest p-locate@^5.0.0
783 silly packumentCache full:https://registry.npmjs.org/p-locate cache-miss
784 http fetch GET 200 https://registry.npmjs.org/p-locate 22ms (cache miss)
785 silly packumentCache full:https://registry.npmjs.org/p-locate set size:undefined disposed:false
786 silly placeDep ROOT flatted@3.4.2 OK for: flat-cache@4.0.1 want: ^3.2.9
787 silly placeDep ROOT keyv@4.5.4 OK for: flat-cache@4.0.1 want: ^4.5.4
788 silly fetch manifest json-buffer@3.0.1
789 silly packumentCache full:https://registry.npmjs.org/json-buffer cache-miss
790 http fetch GET 200 https://registry.npmjs.org/json-buffer 24ms (cache miss)
791 silly packumentCache full:https://registry.npmjs.org/json-buffer set size:undefined disposed:false
792 silly placeDep ROOT hermes-estree@0.25.1 OK for: hermes-parser@0.25.1 want: 0.25.1
793 silly placeDep ROOT is-extglob@2.1.1 OK for: is-glob@4.0.3 want: ^2.1.1
794 silly placeDep ROOT json-buffer@3.0.1 OK for: keyv@4.5.4 want: 3.0.1
795 silly placeDep ROOT prelude-ls@1.2.1 OK for: levn@0.4.1 want: ^1.2.1
796 silly placeDep ROOT type-check@0.4.0 OK for: levn@0.4.1 want: ~0.4.0
797 silly placeDep ROOT p-locate@5.0.0 OK for: locate-path@6.0.0 want: ^5.0.0
798 silly fetch manifest p-limit@^3.0.2
799 silly packumentCache full:https://registry.npmjs.org/p-limit cache-miss
800 http fetch GET 200 https://registry.npmjs.org/p-limit 29ms (cache miss)
801 silly packumentCache full:https://registry.npmjs.org/p-limit set size:undefined disposed:false
802 silly placeDep ROOT yallist@3.1.1 OK for: lru-cache@5.1.1 want: ^3.0.2
803 silly placeDep ROOT brace-expansion@5.0.6 OK for: minimatch@10.2.5 want: ^5.0.5
804 silly fetch manifest balanced-match@^4.0.2
805 silly packumentCache full:https://registry.npmjs.org/balanced-match cache-miss
806 http fetch GET 200 https://registry.npmjs.org/balanced-match 22ms (cache miss)
807 silly packumentCache full:https://registry.npmjs.org/balanced-match set size:undefined disposed:false
808 silly placeDep ROOT balanced-match@4.0.4 OK for: brace-expansion@5.0.6 want: ^4.0.2
809 silly placeDep ROOT deep-is@0.1.4 OK for: optionator@0.9.4 want: ^0.1.3
810 silly placeDep ROOT fast-levenshtein@2.0.6 OK for: optionator@0.9.4 want: ^2.0.6
811 silly placeDep ROOT word-wrap@1.2.5 OK for: optionator@0.9.4 want: ^1.2.5
812 silly placeDep ROOT p-limit@3.1.0 OK for: p-locate@5.0.0 want: ^3.0.2
813 silly fetch manifest yocto-queue@^0.1.0
814 silly packumentCache full:https://registry.npmjs.org/yocto-queue cache-miss
815 http fetch GET 200 https://registry.npmjs.org/yocto-queue 27ms (cache miss)
816 silly packumentCache full:https://registry.npmjs.org/yocto-queue set size:undefined disposed:false
817 silly placeDep ROOT yocto-queue@0.1.0 OK for: p-limit@3.1.0 want: ^0.1.0
818 silly placeDep ROOT scheduler@0.27.0 OK for: react-dom@19.2.6 want: ^0.27.0
819 silly placeDep ROOT shebang-regex@3.0.0 OK for: shebang-command@2.0.0 want: ^3.0.0
820 silly fetch manifest eslint@^8.57.0 || ^9.0.0 || ^10.0.0
821 silly packumentCache full:https://registry.npmjs.org/eslint cache-miss
822 http cache https://registry.npmjs.org/eslint 5ms (cache hit)
823 silly packumentCache full:https://registry.npmjs.org/eslint set size:1997485 disposed:false
824 silly fetch manifest typescript@>=4.8.4 <6.1.0
825 silly packumentCache full:https://registry.npmjs.org/typescript cache-miss
826 http cache https://registry.npmjs.org/typescript 21ms (cache hit)
827 silly packumentCache full:https://registry.npmjs.org/typescript set size:15409943 disposed:false
828 silly placeDep ROOT @typescript-eslint/eslint-plugin@8.59.4 OK for: typescript-eslint@8.59.4 want: 8.59.4
829 silly placeDep ROOT @typescript-eslint/parser@8.59.4 OK for: @typescript-eslint/eslint-plugin@8.59.4 want: ^8.59.4
830 silly placeDep ROOT @typescript-eslint/typescript-estree@8.59.4 OK for: typescript-eslint@8.59.4 want: 8.59.4
831 silly placeDep ROOT @typescript-eslint/utils@8.59.4 OK for: typescript-eslint@8.59.4 want: 8.59.4
832 silly fetch manifest ignore@^7.0.5
833 silly packumentCache full:https://registry.npmjs.org/ignore cache-miss
834 silly fetch manifest ts-api-utils@^2.5.0
835 silly packumentCache full:https://registry.npmjs.org/ts-api-utils cache-miss
836 silly fetch manifest @typescript-eslint/type-utils@8.59.4
837 silly packumentCache full:https://registry.npmjs.org/@typescript-eslint%2ftype-utils cache-miss
838 silly fetch manifest @typescript-eslint/visitor-keys@8.59.4
839 silly packumentCache full:https://registry.npmjs.org/@typescript-eslint%2fvisitor-keys cache-miss
840 silly fetch manifest @typescript-eslint/scope-manager@8.59.4
841 silly packumentCache full:https://registry.npmjs.org/@typescript-eslint%2fscope-manager cache-miss
842 silly fetch manifest @typescript-eslint/types@8.59.4
843 silly packumentCache full:https://registry.npmjs.org/@typescript-eslint%2ftypes cache-miss
844 silly fetch manifest @typescript-eslint/visitor-keys@8.59.4
845 silly packumentCache full:https://registry.npmjs.org/@typescript-eslint%2fvisitor-keys cache-miss
846 http cache https://registry.npmjs.org/ignore 6ms (cache hit)
847 silly packumentCache full:https://registry.npmjs.org/ignore set size:237380 disposed:false
848 silly fetch manifest @typescript-eslint/scope-manager@8.59.4
849 silly packumentCache full:https://registry.npmjs.org/@typescript-eslint%2fscope-manager cache-miss
850 http fetch GET 200 https://registry.npmjs.org/ts-api-utils 30ms (cache miss)
851 silly packumentCache full:https://registry.npmjs.org/ts-api-utils set size:undefined disposed:false
852 silly fetch manifest semver@^7.7.3
853 silly packumentCache full:https://registry.npmjs.org/semver cache-miss
854 http cache https://registry.npmjs.org/semver 1ms (cache hit)
855 silly packumentCache full:https://registry.npmjs.org/semver set size:235672 disposed:false
856 silly fetch manifest tinyglobby@^0.2.15
857 silly packumentCache full:https://registry.npmjs.org/tinyglobby cache-miss
858 http cache https://registry.npmjs.org/tinyglobby 1ms (cache hit)
859 silly packumentCache full:https://registry.npmjs.org/tinyglobby set size:52660 disposed:false
860 silly fetch manifest @typescript-eslint/types@8.59.4
861 silly packumentCache full:https://registry.npmjs.org/@typescript-eslint%2ftypes cache-miss
862 http fetch GET 200 https://registry.npmjs.org/@typescript-eslint%2ftype-utils 545ms (cache miss)
863 silly packumentCache full:https://registry.npmjs.org/@typescript-eslint%2ftype-utils set size:undefined disposed:false
864 silly fetch manifest @typescript-eslint/visitor-keys@8.59.4
865 silly packumentCache full:https://registry.npmjs.org/@typescript-eslint%2fvisitor-keys cache-miss
866 http fetch GET 200 https://registry.npmjs.org/@typescript-eslint%2fvisitor-keys 1091ms (cache miss)
867 silly packumentCache full:https://registry.npmjs.org/@typescript-eslint%2fvisitor-keys set size:undefined disposed:false
868 silly fetch manifest @typescript-eslint/tsconfig-utils@8.59.4
869 silly packumentCache full:https://registry.npmjs.org/@typescript-eslint%2ftsconfig-utils cache-miss
870 http fetch GET 200 https://registry.npmjs.org/@typescript-eslint%2fvisitor-keys 1165ms (cache miss)
871 silly packumentCache full:https://registry.npmjs.org/@typescript-eslint%2fvisitor-keys set size:undefined disposed:false
872 silly fetch manifest @typescript-eslint/project-service@8.59.4
873 silly packumentCache full:https://registry.npmjs.org/@typescript-eslint%2fproject-service cache-miss
874 http fetch GET 200 https://registry.npmjs.org/@typescript-eslint%2ftypes 1183ms (cache miss)
875 silly packumentCache full:https://registry.npmjs.org/@typescript-eslint%2ftypes set size:undefined disposed:false
876 silly fetch manifest @typescript-eslint/scope-manager@8.59.4
877 silly packumentCache full:https://registry.npmjs.org/@typescript-eslint%2fscope-manager cache-miss
878 http fetch GET 200 https://registry.npmjs.org/@typescript-eslint%2ftsconfig-utils 136ms (cache miss)
879 silly packumentCache full:https://registry.npmjs.org/@typescript-eslint%2ftsconfig-utils set size:undefined disposed:false
880 http fetch GET 200 https://registry.npmjs.org/@typescript-eslint%2fscope-manager 1282ms (cache miss)
881 silly packumentCache full:https://registry.npmjs.org/@typescript-eslint%2fscope-manager set size:undefined disposed:false
882 http fetch GET 200 https://registry.npmjs.org/@typescript-eslint%2ftypes 1469ms (cache miss)
883 silly packumentCache full:https://registry.npmjs.org/@typescript-eslint%2ftypes set size:undefined disposed:false
884 http fetch GET 200 https://registry.npmjs.org/@typescript-eslint%2fproject-service 327ms (cache miss)
885 silly packumentCache full:https://registry.npmjs.org/@typescript-eslint%2fproject-service set size:undefined disposed:false
886 http fetch GET 200 https://registry.npmjs.org/@typescript-eslint%2fscope-manager 523ms (cache miss)
887 silly packumentCache full:https://registry.npmjs.org/@typescript-eslint%2fscope-manager set size:undefined disposed:false
888 http fetch GET 200 https://registry.npmjs.org/@typescript-eslint%2fscope-manager 1878ms (cache miss)
889 silly packumentCache full:https://registry.npmjs.org/@typescript-eslint%2fscope-manager set size:undefined disposed:false
890 http fetch GET 200 https://registry.npmjs.org/@typescript-eslint%2fvisitor-keys 1352ms (cache miss)
891 silly packumentCache full:https://registry.npmjs.org/@typescript-eslint%2fvisitor-keys set size:undefined disposed:false
892 silly placeDep ROOT @typescript-eslint/scope-manager@8.59.4 OK for: @typescript-eslint/eslint-plugin@8.59.4 want: 8.59.4
893 silly placeDep ROOT @typescript-eslint/type-utils@8.59.4 OK for: @typescript-eslint/eslint-plugin@8.59.4 want: 8.59.4
894 silly placeDep ROOT @typescript-eslint/visitor-keys@8.59.4 OK for: @typescript-eslint/eslint-plugin@8.59.4 want: 8.59.4
895 silly placeDep node_modules/@typescript-eslint/eslint-plugin ignore@7.0.5 OK for: @typescript-eslint/eslint-plugin@8.59.4 want: ^7.0.5
896 silly placeDep ROOT ts-api-utils@2.5.0 OK for: @typescript-eslint/eslint-plugin@8.59.4 want: ^2.5.0
897 silly placeDep ROOT @typescript-eslint/types@8.59.4 OK for: @typescript-eslint/parser@8.59.4 want: 8.59.4
898 silly placeDep ROOT @typescript-eslint/project-service@8.59.4 OK for: @typescript-eslint/typescript-estree@8.59.4 want: 8.59.4
899 silly placeDep ROOT @typescript-eslint/tsconfig-utils@8.59.4 OK for: @typescript-eslint/typescript-estree@8.59.4 want: 8.59.4
900 silly placeDep node_modules/@typescript-eslint/typescript-estree semver@7.8.1 OK for: @typescript-eslint/typescript-estree@8.59.4 want: ^7.7.3
901 silly placeDep ROOT tinyglobby@0.2.16 OK for: @typescript-eslint/typescript-estree@8.59.4 want: ^0.2.15
902 silly fetch manifest @typescript-eslint/tsconfig-utils@^8.59.4
903 silly packumentCache full:https://registry.npmjs.org/@typescript-eslint%2ftsconfig-utils cache-miss
904 silly fetch manifest fdir@^6.5.0
905 silly packumentCache full:https://registry.npmjs.org/fdir cache-miss
906 http cache https://registry.npmjs.org/@typescript-eslint%2ftsconfig-utils 4ms (cache hit)
907 silly packumentCache full:https://registry.npmjs.org/@typescript-eslint%2ftsconfig-utils set size:1254038 disposed:false
908 http fetch GET 200 https://registry.npmjs.org/fdir 36ms (cache miss)
909 silly packumentCache full:https://registry.npmjs.org/fdir set size:undefined disposed:false
910 silly placeDep ROOT fdir@6.5.0 OK for: tinyglobby@0.2.16 want: ^6.5.0
911 silly placeDep ROOT picomatch@4.0.4 OK for: tinyglobby@0.2.16 want: ^4.0.4
912 silly placeDep ROOT escalade@3.2.0 OK for: update-browserslist-db@1.2.3 want: ^3.2.0
913 silly placeDep ROOT punycode@2.3.1 OK for: uri-js@4.4.1 want: ^2.1.0
914 silly placeDep ROOT fsevents@2.3.3 OK for: vite@8.0.14 want: ~2.3.3
915 silly placeDep ROOT lightningcss@1.32.0 OK for: vite@8.0.14 want: ^1.32.0
916 silly placeDep ROOT postcss@8.5.15 OK for: vite@8.0.14 want: ^8.5.15
917 silly placeDep ROOT rolldown@1.0.2 OK for: vite@8.0.14 want: 1.0.2
918 silly fetch manifest detect-libc@^2.0.3
919 silly packumentCache full:https://registry.npmjs.org/detect-libc cache-miss
920 silly fetch manifest lightningcss-darwin-x64@1.32.0
921 silly packumentCache full:https://registry.npmjs.org/lightningcss-darwin-x64 cache-miss
922 silly fetch manifest lightningcss-linux-x64-gnu@1.32.0
923 silly packumentCache full:https://registry.npmjs.org/lightningcss-linux-x64-gnu cache-miss
924 silly fetch manifest lightningcss-win32-x64-msvc@1.32.0
925 silly packumentCache full:https://registry.npmjs.org/lightningcss-win32-x64-msvc cache-miss
926 silly fetch manifest lightningcss-win32-arm64-msvc@1.32.0
927 silly packumentCache full:https://registry.npmjs.org/lightningcss-win32-arm64-msvc cache-miss
928 silly fetch manifest lightningcss-darwin-arm64@1.32.0
929 silly packumentCache full:https://registry.npmjs.org/lightningcss-darwin-arm64 cache-miss
930 silly fetch manifest lightningcss-linux-arm64-gnu@1.32.0
931 silly packumentCache full:https://registry.npmjs.org/lightningcss-linux-arm64-gnu cache-miss
932 http fetch GET 200 https://registry.npmjs.org/lightningcss-win32-x64-msvc 27ms (cache miss)
933 silly packumentCache full:https://registry.npmjs.org/lightningcss-win32-x64-msvc set size:undefined disposed:false
934 silly fetch manifest lightningcss-linux-arm-gnueabihf@1.32.0
935 silly packumentCache full:https://registry.npmjs.org/lightningcss-linux-arm-gnueabihf cache-miss
936 http fetch GET 200 https://registry.npmjs.org/lightningcss-win32-arm64-msvc 34ms (cache miss)
937 silly packumentCache full:https://registry.npmjs.org/lightningcss-win32-arm64-msvc set size:undefined disposed:false
938 silly fetch manifest lightningcss-linux-arm64-musl@1.32.0
939 silly packumentCache full:https://registry.npmjs.org/lightningcss-linux-arm64-musl cache-miss
940 http fetch GET 200 https://registry.npmjs.org/detect-libc 36ms (cache miss)
941 silly packumentCache full:https://registry.npmjs.org/detect-libc set size:undefined disposed:false
942 silly fetch manifest lightningcss-linux-x64-musl@1.32.0
943 silly packumentCache full:https://registry.npmjs.org/lightningcss-linux-x64-musl cache-miss
944 http fetch GET 200 https://registry.npmjs.org/lightningcss-darwin-x64 36ms (cache miss)
945 silly packumentCache full:https://registry.npmjs.org/lightningcss-darwin-x64 set size:undefined disposed:false
946 silly fetch manifest lightningcss-freebsd-x64@1.32.0
947 silly packumentCache full:https://registry.npmjs.org/lightningcss-freebsd-x64 cache-miss
948 http fetch GET 200 https://registry.npmjs.org/lightningcss-linux-x64-gnu 37ms (cache miss)
949 silly packumentCache full:https://registry.npmjs.org/lightningcss-linux-x64-gnu set size:undefined disposed:false
950 silly fetch manifest lightningcss-android-arm64@1.32.0
951 silly packumentCache full:https://registry.npmjs.org/lightningcss-android-arm64 cache-miss
952 http fetch GET 200 https://registry.npmjs.org/lightningcss-darwin-arm64 38ms (cache miss)
953 silly packumentCache full:https://registry.npmjs.org/lightningcss-darwin-arm64 set size:undefined disposed:false
954 silly fetch manifest nanoid@^3.3.12
955 silly packumentCache full:https://registry.npmjs.org/nanoid cache-miss
956 http fetch GET 200 https://registry.npmjs.org/lightningcss-linux-arm64-gnu 39ms (cache miss)
957 silly packumentCache full:https://registry.npmjs.org/lightningcss-linux-arm64-gnu set size:undefined disposed:false
958 silly fetch manifest source-map-js@^1.2.1
959 silly packumentCache full:https://registry.npmjs.org/source-map-js cache-miss
960 http fetch GET 200 https://registry.npmjs.org/lightningcss-linux-arm-gnueabihf 27ms (cache miss)
961 silly packumentCache full:https://registry.npmjs.org/lightningcss-linux-arm-gnueabihf set size:undefined disposed:false
962 silly fetch manifest @oxc-project/types@=0.132.0
963 silly packumentCache full:https://registry.npmjs.org/@oxc-project%2ftypes cache-miss
964 http fetch GET 200 https://registry.npmjs.org/lightningcss-android-arm64 21ms (cache miss)
965 silly packumentCache full:https://registry.npmjs.org/lightningcss-android-arm64 set size:undefined disposed:false
966 silly fetch manifest @rolldown/binding-darwin-x64@1.0.2
967 silly packumentCache full:https://registry.npmjs.org/@rolldown%2fbinding-darwin-x64 cache-miss
968 http fetch GET 200 https://registry.npmjs.org/lightningcss-linux-arm64-musl 28ms (cache miss)
969 silly packumentCache full:https://registry.npmjs.org/lightningcss-linux-arm64-musl set size:undefined disposed:false
970 silly fetch manifest @rolldown/binding-win32-x64-msvc@1.0.2
971 silly packumentCache full:https://registry.npmjs.org/@rolldown%2fbinding-win32-x64-msvc cache-miss
972 http fetch GET 200 https://registry.npmjs.org/lightningcss-linux-x64-musl 29ms (cache miss)
973 silly packumentCache full:https://registry.npmjs.org/lightningcss-linux-x64-musl set size:undefined disposed:false
974 silly fetch manifest @rolldown/binding-linux-x64-gnu@1.0.2
975 silly packumentCache full:https://registry.npmjs.org/@rolldown%2fbinding-linux-x64-gnu cache-miss
976 http fetch GET 200 https://registry.npmjs.org/lightningcss-freebsd-x64 29ms (cache miss)
977 silly packumentCache full:https://registry.npmjs.org/lightningcss-freebsd-x64 set size:undefined disposed:false
978 silly fetch manifest @rolldown/binding-linux-x64-musl@1.0.2
979 silly packumentCache full:https://registry.npmjs.org/@rolldown%2fbinding-linux-x64-musl cache-miss
980 http fetch GET 200 https://registry.npmjs.org/source-map-js 29ms (cache miss)
981 silly packumentCache full:https://registry.npmjs.org/source-map-js set size:undefined disposed:false
982 silly fetch manifest @rolldown/binding-freebsd-x64@1.0.2
983 silly packumentCache full:https://registry.npmjs.org/@rolldown%2fbinding-freebsd-x64 cache-miss
984 http fetch GET 200 https://registry.npmjs.org/nanoid 54ms (cache miss)
985 silly packumentCache full:https://registry.npmjs.org/nanoid set size:undefined disposed:false
986 silly fetch manifest @rolldown/binding-linux-arm-gnueabihf@1.0.2
987 silly packumentCache full:https://registry.npmjs.org/@rolldown%2fbinding-linux-arm-gnueabihf cache-miss
988 http fetch GET 200 https://registry.npmjs.org/@oxc-project%2ftypes 41ms (cache miss)
989 silly packumentCache full:https://registry.npmjs.org/@oxc-project%2ftypes set size:undefined disposed:false
990 silly fetch manifest @rolldown/binding-linux-arm64-gnu@1.0.2
991 silly packumentCache full:https://registry.npmjs.org/@rolldown%2fbinding-linux-arm64-gnu cache-miss
992 http fetch GET 200 https://registry.npmjs.org/@rolldown%2fbinding-darwin-x64 151ms (cache miss)
993 silly packumentCache full:https://registry.npmjs.org/@rolldown%2fbinding-darwin-x64 set size:undefined disposed:false
994 silly fetch manifest @rolldown/binding-darwin-arm64@1.0.2
995 silly packumentCache full:https://registry.npmjs.org/@rolldown%2fbinding-darwin-arm64 cache-miss
996 http fetch GET 200 https://registry.npmjs.org/@rolldown%2fbinding-freebsd-x64 148ms (cache miss)
997 silly packumentCache full:https://registry.npmjs.org/@rolldown%2fbinding-freebsd-x64 set size:undefined disposed:false
998 silly fetch manifest @rolldown/binding-linux-arm64-musl@1.0.2
999 silly packumentCache full:https://registry.npmjs.org/@rolldown%2fbinding-linux-arm64-musl cache-miss
1000 http fetch GET 200 https://registry.npmjs.org/@rolldown%2fbinding-linux-x64-gnu 159ms (cache miss)
1001 silly packumentCache full:https://registry.npmjs.org/@rolldown%2fbinding-linux-x64-gnu set size:undefined disposed:false
1002 silly fetch manifest @rolldown/binding-openharmony-arm64@1.0.2
1003 silly packumentCache full:https://registry.npmjs.org/@rolldown%2fbinding-openharmony-arm64 cache-miss
1004 http fetch GET 200 https://registry.npmjs.org/@rolldown%2fbinding-win32-x64-msvc 174ms (cache miss)
1005 silly packumentCache full:https://registry.npmjs.org/@rolldown%2fbinding-win32-x64-msvc set size:undefined disposed:false
1006 silly fetch manifest @rolldown/binding-win32-arm64-msvc@1.0.2
1007 silly packumentCache full:https://registry.npmjs.org/@rolldown%2fbinding-win32-arm64-msvc cache-miss
1008 http fetch GET 200 https://registry.npmjs.org/@rolldown%2fbinding-linux-x64-musl 178ms (cache miss)
1009 silly packumentCache full:https://registry.npmjs.org/@rolldown%2fbinding-linux-x64-musl set size:undefined disposed:false
1010 silly fetch manifest @rolldown/binding-android-arm64@1.0.2
1011 silly packumentCache full:https://registry.npmjs.org/@rolldown%2fbinding-android-arm64 cache-miss
1012 http fetch GET 200 https://registry.npmjs.org/@rolldown%2fbinding-linux-arm64-gnu 153ms (cache miss)
1013 silly packumentCache full:https://registry.npmjs.org/@rolldown%2fbinding-linux-arm64-gnu set size:undefined disposed:false
1014 silly fetch manifest @rolldown/binding-wasm32-wasi@1.0.2
1015 silly packumentCache full:https://registry.npmjs.org/@rolldown%2fbinding-wasm32-wasi cache-miss
1016 http fetch GET 200 https://registry.npmjs.org/@rolldown%2fbinding-linux-arm-gnueabihf 161ms (cache miss)
1017 silly packumentCache full:https://registry.npmjs.org/@rolldown%2fbinding-linux-arm-gnueabihf set size:undefined disposed:false
1018 silly fetch manifest @rolldown/binding-linux-s390x-gnu@1.0.2
1019 silly packumentCache full:https://registry.npmjs.org/@rolldown%2fbinding-linux-s390x-gnu cache-miss
1020 http fetch GET 200 https://registry.npmjs.org/@rolldown%2fbinding-openharmony-arm64 41ms (cache miss)
1021 silly packumentCache full:https://registry.npmjs.org/@rolldown%2fbinding-openharmony-arm64 set size:undefined disposed:false
1022 silly fetch manifest @rolldown/binding-linux-ppc64-gnu@1.0.2
1023 silly packumentCache full:https://registry.npmjs.org/@rolldown%2fbinding-linux-ppc64-gnu cache-miss
1024 http fetch GET 200 https://registry.npmjs.org/@rolldown%2fbinding-android-arm64 37ms (cache miss)
1025 silly packumentCache full:https://registry.npmjs.org/@rolldown%2fbinding-android-arm64 set size:undefined disposed:false
1026 http fetch GET 200 https://registry.npmjs.org/@rolldown%2fbinding-linux-arm64-musl 105ms (cache miss)
1027 silly packumentCache full:https://registry.npmjs.org/@rolldown%2fbinding-linux-arm64-musl set size:undefined disposed:false
1028 http fetch GET 200 https://registry.npmjs.org/@rolldown%2fbinding-wasm32-wasi 85ms (cache miss)
1029 silly packumentCache full:https://registry.npmjs.org/@rolldown%2fbinding-wasm32-wasi set size:undefined disposed:false
1030 http fetch GET 200 https://registry.npmjs.org/@rolldown%2fbinding-win32-arm64-msvc 156ms (cache miss)
1031 silly packumentCache full:https://registry.npmjs.org/@rolldown%2fbinding-win32-arm64-msvc set size:undefined disposed:false
1032 http fetch GET 200 https://registry.npmjs.org/@rolldown%2fbinding-darwin-arm64 288ms (cache miss)
1033 silly packumentCache full:https://registry.npmjs.org/@rolldown%2fbinding-darwin-arm64 set size:undefined disposed:false
1034 http fetch GET 200 https://registry.npmjs.org/@rolldown%2fbinding-linux-s390x-gnu 451ms (cache miss)
1035 silly packumentCache full:https://registry.npmjs.org/@rolldown%2fbinding-linux-s390x-gnu set size:undefined disposed:false
1036 http fetch GET 200 https://registry.npmjs.org/@rolldown%2fbinding-linux-ppc64-gnu 454ms (cache miss)
1037 silly packumentCache full:https://registry.npmjs.org/@rolldown%2fbinding-linux-ppc64-gnu set size:undefined disposed:false
1038 silly placeDep ROOT detect-libc@2.1.2 OK for: lightningcss@1.32.0 want: ^2.0.3
1039 silly placeDep ROOT lightningcss-android-arm64@1.32.0 OK for: lightningcss@1.32.0 want: 1.32.0
1040 silly placeDep ROOT lightningcss-darwin-arm64@1.32.0 OK for: lightningcss@1.32.0 want: 1.32.0
1041 silly placeDep ROOT lightningcss-darwin-x64@1.32.0 OK for: lightningcss@1.32.0 want: 1.32.0
1042 silly placeDep ROOT lightningcss-freebsd-x64@1.32.0 OK for: lightningcss@1.32.0 want: 1.32.0
1043 silly placeDep ROOT lightningcss-linux-arm-gnueabihf@1.32.0 OK for: lightningcss@1.32.0 want: 1.32.0
1044 silly placeDep ROOT lightningcss-linux-arm64-gnu@1.32.0 OK for: lightningcss@1.32.0 want: 1.32.0
1045 silly placeDep ROOT lightningcss-linux-arm64-musl@1.32.0 OK for: lightningcss@1.32.0 want: 1.32.0
1046 silly placeDep ROOT lightningcss-linux-x64-gnu@1.32.0 OK for: lightningcss@1.32.0 want: 1.32.0
1047 silly placeDep ROOT lightningcss-linux-x64-musl@1.32.0 OK for: lightningcss@1.32.0 want: 1.32.0
1048 silly placeDep ROOT lightningcss-win32-arm64-msvc@1.32.0 OK for: lightningcss@1.32.0 want: 1.32.0
1049 silly placeDep ROOT lightningcss-win32-x64-msvc@1.32.0 OK for: lightningcss@1.32.0 want: 1.32.0
1050 silly placeDep ROOT nanoid@3.3.12 OK for: postcss@8.5.15 want: ^3.3.12
1051 silly placeDep ROOT source-map-js@1.2.1 OK for: postcss@8.5.15 want: ^1.2.1
1052 silly placeDep ROOT @oxc-project/types@0.132.0 OK for: rolldown@1.0.2 want: =0.132.0
1053 silly placeDep ROOT @rolldown/binding-android-arm64@1.0.2 OK for: rolldown@1.0.2 want: 1.0.2
1054 silly placeDep ROOT @rolldown/binding-darwin-arm64@1.0.2 OK for: rolldown@1.0.2 want: 1.0.2
1055 silly placeDep ROOT @rolldown/binding-darwin-x64@1.0.2 OK for: rolldown@1.0.2 want: 1.0.2
1056 silly placeDep ROOT @rolldown/binding-freebsd-x64@1.0.2 OK for: rolldown@1.0.2 want: 1.0.2
1057 silly placeDep ROOT @rolldown/binding-linux-arm-gnueabihf@1.0.2 OK for: rolldown@1.0.2 want: 1.0.2
1058 silly placeDep ROOT @rolldown/binding-linux-arm64-gnu@1.0.2 OK for: rolldown@1.0.2 want: 1.0.2
1059 silly placeDep ROOT @rolldown/binding-linux-arm64-musl@1.0.2 OK for: rolldown@1.0.2 want: 1.0.2
1060 silly placeDep ROOT @rolldown/binding-linux-ppc64-gnu@1.0.2 OK for: rolldown@1.0.2 want: 1.0.2
1061 silly placeDep ROOT @rolldown/binding-linux-s390x-gnu@1.0.2 OK for: rolldown@1.0.2 want: 1.0.2
1062 silly placeDep ROOT @rolldown/binding-linux-x64-gnu@1.0.2 OK for: rolldown@1.0.2 want: 1.0.2
1063 silly placeDep ROOT @rolldown/binding-linux-x64-musl@1.0.2 OK for: rolldown@1.0.2 want: 1.0.2
1064 silly placeDep ROOT @rolldown/binding-openharmony-arm64@1.0.2 OK for: rolldown@1.0.2 want: 1.0.2
1065 silly placeDep ROOT @rolldown/binding-wasm32-wasi@1.0.2 OK for: rolldown@1.0.2 want: 1.0.2
1066 silly placeDep ROOT @rolldown/binding-win32-arm64-msvc@1.0.2 OK for: rolldown@1.0.2 want: 1.0.2
1067 silly placeDep ROOT @rolldown/binding-win32-x64-msvc@1.0.2 OK for: rolldown@1.0.2 want: 1.0.2
1068 silly fetch manifest @napi-rs/wasm-runtime@^1.1.4
1069 silly packumentCache full:https://registry.npmjs.org/@napi-rs%2fwasm-runtime cache-miss
1070 silly fetch manifest @emnapi/core@1.10.0
1071 silly packumentCache full:https://registry.npmjs.org/@emnapi%2fcore cache-miss
1072 silly fetch manifest @emnapi/runtime@1.10.0
1073 silly packumentCache full:https://registry.npmjs.org/@emnapi%2fruntime cache-miss
1074 http fetch GET 200 https://registry.npmjs.org/@emnapi%2fcore 40ms (cache miss)
1075 silly packumentCache full:https://registry.npmjs.org/@emnapi%2fcore set size:undefined disposed:false
1076 http fetch GET 200 https://registry.npmjs.org/@napi-rs%2fwasm-runtime 42ms (cache miss)
1077 silly packumentCache full:https://registry.npmjs.org/@napi-rs%2fwasm-runtime set size:undefined disposed:false
1078 http fetch GET 200 https://registry.npmjs.org/@emnapi%2fruntime 43ms (cache miss)
1079 silly packumentCache full:https://registry.npmjs.org/@emnapi%2fruntime set size:undefined disposed:false
1080 silly placeDep ROOT @emnapi/core@1.10.0 OK for: @rolldown/binding-wasm32-wasi@1.0.2 want: 1.10.0
1081 silly placeDep ROOT @emnapi/runtime@1.10.0 OK for: @rolldown/binding-wasm32-wasi@1.0.2 want: 1.10.0
1082 silly placeDep ROOT @napi-rs/wasm-runtime@1.1.4 OK for: @rolldown/binding-wasm32-wasi@1.0.2 want: ^1.1.4
1083 silly fetch manifest tslib@^2.4.0
1084 silly packumentCache full:https://registry.npmjs.org/tslib cache-miss
1085 silly fetch manifest @emnapi/wasi-threads@1.2.1
1086 silly packumentCache full:https://registry.npmjs.org/@emnapi%2fwasi-threads cache-miss
1087 silly fetch manifest tslib@^2.4.0
1088 silly packumentCache full:https://registry.npmjs.org/tslib cache-miss
1089 silly fetch manifest @tybys/wasm-util@^0.10.1
1090 silly packumentCache full:https://registry.npmjs.org/@tybys%2fwasm-util cache-miss
1091 http fetch GET 200 https://registry.npmjs.org/@emnapi%2fwasi-threads 35ms (cache miss)
1092 silly packumentCache full:https://registry.npmjs.org/@emnapi%2fwasi-threads set size:undefined disposed:false
1093 http fetch GET 200 https://registry.npmjs.org/tslib 36ms (cache miss)
1094 silly packumentCache full:https://registry.npmjs.org/tslib set size:undefined disposed:false
1095 http fetch GET 200 https://registry.npmjs.org/tslib 40ms (cache miss)
1096 silly packumentCache full:https://registry.npmjs.org/tslib set size:undefined disposed:false
1097 http fetch GET 200 https://registry.npmjs.org/@tybys%2fwasm-util 41ms (cache miss)
1098 silly packumentCache full:https://registry.npmjs.org/@tybys%2fwasm-util set size:undefined disposed:false
1099 silly placeDep ROOT @emnapi/wasi-threads@1.2.1 OK for: @emnapi/core@1.10.0 want: 1.2.1
1100 silly placeDep ROOT tslib@2.8.1 OK for: @emnapi/core@1.10.0 want: ^2.4.0
1101 silly placeDep ROOT @tybys/wasm-util@0.10.2 OK for: @napi-rs/wasm-runtime@1.1.4 want: ^0.10.1
1102 silly placeDep ROOT isexe@2.0.0 OK for: which@2.0.2 want: ^2.0.0
1103 silly reify moves {}
1104 silly audit bulk request {
1104 silly audit   '@eslint/js': [ '10.0.1' ],
1104 silly audit   '@types/node': [ '24.12.4' ],
1104 silly audit   '@types/react': [ '19.2.15' ],
1104 silly audit   '@types/react-dom': [ '19.2.3' ],
1104 silly audit   '@vitejs/plugin-react': [ '6.0.2' ],
1104 silly audit   vite: [ '8.0.14' ],
1104 silly audit   eslint: [ '10.4.0' ],
1104 silly audit   'eslint-plugin-react-hooks': [ '7.1.1' ],
1104 silly audit   'eslint-plugin-react-refresh': [ '0.5.2' ],
1104 silly audit   globals: [ '17.6.0' ],
1104 silly audit   react: [ '19.2.6' ],
1104 silly audit   'react-dom': [ '19.2.6' ],
1104 silly audit   typescript: [ '6.0.3' ],
1104 silly audit   'typescript-eslint': [ '8.59.4' ],
1104 silly audit   'undici-types': [ '7.16.0' ],
1104 silly audit   csstype: [ '3.2.3' ],
1104 silly audit   '@rolldown/pluginutils': [ '1.0.1' ],
1104 silly audit   '@eslint-community/eslint-utils': [ '4.9.1' ],
1104 silly audit   '@eslint-community/regexpp': [ '4.12.2' ],
1104 silly audit   '@eslint/config-array': [ '0.23.5' ],
1104 silly audit   '@eslint/config-helpers': [ '0.6.0' ],
1104 silly audit   '@eslint/core': [ '1.2.1' ],
1104 silly audit   '@eslint/plugin-kit': [ '0.7.1' ],
1104 silly audit   '@humanfs/node': [ '0.16.8' ],
1104 silly audit   '@humanwhocodes/module-importer': [ '1.0.1' ],
1104 silly audit   '@humanwhocodes/retry': [ '0.4.3' ],
1104 silly audit   '@types/estree': [ '1.0.9' ],
1104 silly audit   ajv: [ '6.15.0' ],
1104 silly audit   'cross-spawn': [ '7.0.6' ],
1104 silly audit   debug: [ '4.4.3' ],
1104 silly audit   'escape-string-regexp': [ '4.0.0' ],
1104 silly audit   'eslint-scope': [ '9.1.2' ],
1104 silly audit   'eslint-visitor-keys': [ '5.0.1', '3.4.3' ],
1104 silly audit   espree: [ '11.2.0' ],
1104 silly audit   esquery: [ '1.7.0' ],
1104 silly audit   esutils: [ '2.0.3' ],
1104 silly audit   'fast-deep-equal': [ '3.1.3' ],
1104 silly audit   'file-entry-cache': [ '8.0.0' ],
1104 silly audit   'find-up': [ '5.0.0' ],
1104 silly audit   'glob-parent': [ '6.0.2' ],
1104 silly audit   ignore: [ '5.3.2', '7.0.5' ],
1104 silly audit   imurmurhash: [ '0.1.4' ],
1104 silly audit   'is-glob': [ '4.0.3' ],
1104 silly audit   'json-stable-stringify-without-jsonify': [ '1.0.1' ],
1104 silly audit   minimatch: [ '10.2.5' ],
1104 silly audit   'natural-compare': [ '1.4.0' ],
1104 silly audit   optionator: [ '0.9.4' ],
1104 silly audit   '@eslint/object-schema': [ '3.0.5' ],
1104 silly audit   '@types/json-schema': [ '7.0.15' ],
1104 silly audit   levn: [ '0.4.1' ],
1104 silly audit   '@humanfs/core': [ '0.19.2' ],
1104 silly audit   '@humanfs/types': [ '0.15.0' ],
1104 silly audit   'fast-json-stable-stringify': [ '2.1.0' ],
1104 silly audit   'json-schema-traverse': [ '0.4.1' ],
1104 silly audit   'uri-js': [ '4.4.1' ],
1104 silly audit   'path-key': [ '3.1.1' ],
1104 silly audit   'shebang-command': [ '2.0.0' ],
1104 silly audit   which: [ '2.0.2' ],
1104 silly audit   ms: [ '2.1.3' ],
1104 silly audit   '@babel/core': [ '7.29.0' ],
1104 silly audit   '@babel/parser': [ '7.29.3' ],
1104 silly audit   'hermes-parser': [ '0.25.1' ],
1104 silly audit   zod: [ '4.4.3' ],
1104 silly audit   'zod-validation-error': [ '4.0.2' ],
1104 silly audit   '@babel/code-frame': [ '7.29.0' ],
1104 silly audit   '@babel/generator': [ '7.29.1' ],
1104 silly audit   '@babel/helper-compilation-targets': [ '7.28.6' ],
1104 silly audit   '@babel/helper-module-transforms': [ '7.28.6' ],
1104 silly audit   '@babel/helpers': [ '7.29.2' ],
1104 silly audit   '@babel/template': [ '7.28.6' ],
1104 silly audit   '@babel/traverse': [ '7.29.0' ],
1104 silly audit   '@babel/types': [ '7.29.0' ],
1104 silly audit   '@jridgewell/remapping': [ '2.3.5' ],
1104 silly audit   'convert-source-map': [ '2.0.0' ],
1104 silly audit   gensync: [ '1.0.0-beta.2' ],
1104 silly audit   json5: [ '2.2.3' ],
1104 silly audit   semver: [ '6.3.1', '7.8.1' ],
1104 silly audit   '@babel/helper-validator-identifier': [ '7.28.5' ],
1104 silly audit   'js-tokens': [ '4.0.0' ],
1104 silly audit   picocolors: [ '1.1.1' ],
1104 silly audit   '@jridgewell/gen-mapping': [ '0.3.13' ],
1104 silly audit   '@jridgewell/trace-mapping': [ '0.3.31' ],
1104 silly audit   jsesc: [ '3.1.0' ],
1104 silly audit   '@babel/compat-data': [ '7.29.3' ],
1104 silly audit   '@babel/helper-validator-option': [ '7.27.1' ],
1104 silly audit   browserslist: [ '4.28.2' ],
1104 silly audit   'lru-cache': [ '5.1.1' ],
1104 silly audit   '@babel/helper-module-imports': [ '7.28.6' ],
1104 silly audit   '@babel/helper-globals': [ '7.28.0' ],
1104 silly audit   '@babel/helper-string-parser': [ '7.27.1' ],
1104 silly audit   '@jridgewell/sourcemap-codec': [ '1.5.5' ],
1104 silly audit   '@jridgewell/resolve-uri': [ '3.1.2' ],
1104 silly audit   'baseline-browser-mapping': [ '2.10.32' ],
1104 silly audit   'caniuse-lite': [ '1.0.30001793' ],
1104 silly audit   'electron-to-chromium': [ '1.5.361' ],
1104 silly audit   'node-releases': [ '2.0.46' ],
1104 silly audit   'update-browserslist-db': [ '1.2.3' ],
1104 silly audit   '@types/esrecurse': [ '4.3.1' ],
1104 silly audit   esrecurse: [ '4.3.0' ],
1104 silly audit   estraverse: [ '5.3.0' ],
1104 silly audit   acorn: [ '8.16.0' ],
1104 silly audit   'acorn-jsx': [ '5.3.2' ],
1104 silly audit   'flat-cache': [ '4.0.1' ],
1104 silly audit   'locate-path': [ '6.0.0' ],
1104 silly audit   'path-exists': [ '4.0.0' ],
1104 silly audit   flatted: [ '3.4.2' ],
1104 silly audit   keyv: [ '4.5.4' ],
1104 silly audit   'hermes-estree': [ '0.25.1' ],
1104 silly audit   'is-extglob': [ '2.1.1' ],
1104 silly audit   'json-buffer': [ '3.0.1' ],
1104 silly audit   'prelude-ls': [ '1.2.1' ],
1104 silly audit   'type-check': [ '0.4.0' ],
1104 silly audit   'p-locate': [ '5.0.0' ],
1104 silly audit   yallist: [ '3.1.1' ],
1104 silly audit   'brace-expansion': [ '5.0.6' ],
1104 silly audit   'balanced-match': [ '4.0.4' ],
1104 silly audit   'deep-is': [ '0.1.4' ],
1104 silly audit   'fast-levenshtein': [ '2.0.6' ],
1104 silly audit   'word-wrap': [ '1.2.5' ],
1104 silly audit   'p-limit': [ '3.1.0' ],
1104 silly audit   'yocto-queue': [ '0.1.0' ],
1104 silly audit   scheduler: [ '0.27.0' ],
1104 silly audit   'shebang-regex': [ '3.0.0' ],
1104 silly audit   '@typescript-eslint/eslint-plugin': [ '8.59.4' ],
1104 silly audit   '@typescript-eslint/parser': [ '8.59.4' ],
1104 silly audit   '@typescript-eslint/typescript-estree': [ '8.59.4' ],
1104 silly audit   '@typescript-eslint/utils': [ '8.59.4' ],
1104 silly audit   '@typescript-eslint/scope-manager': [ '8.59.4' ],
1104 silly audit   '@typescript-eslint/type-utils': [ '8.59.4' ],
1104 silly audit   '@typescript-eslint/visitor-keys': [ '8.59.4' ],
1104 silly audit   'ts-api-utils': [ '2.5.0' ],
1104 silly audit   '@typescript-eslint/types': [ '8.59.4' ],
1104 silly audit   '@typescript-eslint/project-service': [ '8.59.4' ],
1104 silly audit   '@typescript-eslint/tsconfig-utils': [ '8.59.4' ],
1104 silly audit   tinyglobby: [ '0.2.16' ],
1104 silly audit   fdir: [ '6.5.0' ],
1104 silly audit   picomatch: [ '4.0.4' ],
1104 silly audit   escalade: [ '3.2.0' ],
1104 silly audit   punycode: [ '2.3.1' ],
1104 silly audit   fsevents: [ '2.3.3' ],
1104 silly audit   lightningcss: [ '1.32.0' ],
1104 silly audit   postcss: [ '8.5.15' ],
1104 silly audit   rolldown: [ '1.0.2' ],
1104 silly audit   'detect-libc': [ '2.1.2' ],
1104 silly audit   'lightningcss-android-arm64': [ '1.32.0' ],
1104 silly audit   'lightningcss-darwin-arm64': [ '1.32.0' ],
1104 silly audit   'lightningcss-darwin-x64': [ '1.32.0' ],
1104 silly audit   'lightningcss-freebsd-x64': [ '1.32.0' ],
1104 silly audit   'lightningcss-linux-arm-gnueabihf': [ '1.32.0' ],
1104 silly audit   'lightningcss-linux-arm64-gnu': [ '1.32.0' ],
1104 silly audit   'lightningcss-linux-arm64-musl': [ '1.32.0' ],
1104 silly audit   'lightningcss-linux-x64-gnu': [ '1.32.0' ],
1104 silly audit   'lightningcss-linux-x64-musl': [ '1.32.0' ],
1104 silly audit   'lightningcss-win32-arm64-msvc': [ '1.32.0' ],
1104 silly audit   'lightningcss-win32-x64-msvc': [ '1.32.0' ],
1104 silly audit   nanoid: [ '3.3.12' ],
1104 silly audit   'source-map-js': [ '1.2.1' ],
1104 silly audit   '@oxc-project/types': [ '0.132.0' ],
1104 silly audit   '@rolldown/binding-android-arm64': [ '1.0.2' ],
1104 silly audit   '@rolldown/binding-darwin-arm64': [ '1.0.2' ],
1104 silly audit   '@rolldown/binding-darwin-x64': [ '1.0.2' ],
1104 silly audit   '@rolldown/binding-freebsd-x64': [ '1.0.2' ],
1104 silly audit   '@rolldown/binding-linux-arm-gnueabihf': [ '1.0.2' ],
1104 silly audit   '@rolldown/binding-linux-arm64-gnu': [ '1.0.2' ],
1104 silly audit   '@rolldown/binding-linux-arm64-musl': [ '1.0.2' ],
1104 silly audit   '@rolldown/binding-linux-ppc64-gnu': [ '1.0.2' ],
1104 silly audit   '@rolldown/binding-linux-s390x-gnu': [ '1.0.2' ],
1104 silly audit   '@rolldown/binding-linux-x64-gnu': [ '1.0.2' ],
1104 silly audit   '@rolldown/binding-linux-x64-musl': [ '1.0.2' ],
1104 silly audit   '@rolldown/binding-openharmony-arm64': [ '1.0.2' ],
1104 silly audit   '@rolldown/binding-wasm32-wasi': [ '1.0.2' ],
1104 silly audit   '@rolldown/binding-win32-arm64-msvc': [ '1.0.2' ],
1104 silly audit   '@rolldown/binding-win32-x64-msvc': [ '1.0.2' ],
1104 silly audit   '@emnapi/core': [ '1.10.0' ],
1104 silly audit   '@emnapi/runtime': [ '1.10.0' ],
1104 silly audit   '@napi-rs/wasm-runtime': [ '1.1.4' ],
1104 silly audit   '@emnapi/wasi-threads': [ '1.2.1' ],
1104 silly audit   tslib: [ '2.8.1' ],
1104 silly audit   '@tybys/wasm-util': [ '0.10.2' ],
1104 silly audit   isexe: [ '2.0.0' ]
1104 silly audit }
1105 http cache isexe@https://registry.npmjs.org/isexe/-/isexe-2.0.0.tgz 0ms (cache hit)
1106 http cache @rolldown/binding-darwin-arm64@https://registry.npmjs.org/@rolldown/binding-darwin-arm64/-/binding-darwin-arm64-1.0.2.tgz 0ms (cache hit)
1107 http cache source-map-js@https://registry.npmjs.org/source-map-js/-/source-map-js-1.2.1.tgz 0ms (cache hit)
1108 http cache @oxc-project/types@https://registry.npmjs.org/@oxc-project/types/-/types-0.132.0.tgz 0ms (cache hit)
1109 http cache nanoid@https://registry.npmjs.org/nanoid/-/nanoid-3.3.12.tgz 0ms (cache hit)
1110 http cache rolldown@https://registry.npmjs.org/rolldown/-/rolldown-1.0.2.tgz 0ms (cache hit)
1111 http cache lightningcss-darwin-arm64@https://registry.npmjs.org/lightningcss-darwin-arm64/-/lightningcss-darwin-arm64-1.32.0.tgz 0ms (cache hit)
1112 http cache postcss@https://registry.npmjs.org/postcss/-/postcss-8.5.15.tgz 0ms (cache hit)
1113 http cache detect-libc@https://registry.npmjs.org/detect-libc/-/detect-libc-2.1.2.tgz 0ms (cache hit)
1114 http cache fsevents@https://registry.npmjs.org/fsevents/-/fsevents-2.3.3.tgz 0ms (cache hit)
1115 http cache punycode@https://registry.npmjs.org/punycode/-/punycode-2.3.1.tgz 0ms (cache hit)
1116 http cache lightningcss@https://registry.npmjs.org/lightningcss/-/lightningcss-1.32.0.tgz 0ms (cache hit)
1117 http cache picomatch@https://registry.npmjs.org/picomatch/-/picomatch-4.0.4.tgz 0ms (cache hit)
1118 http cache fdir@https://registry.npmjs.org/fdir/-/fdir-6.5.0.tgz 0ms (cache hit)
1119 http cache tinyglobby@https://registry.npmjs.org/tinyglobby/-/tinyglobby-0.2.16.tgz 0ms (cache hit)
1120 http cache @typescript-eslint/tsconfig-utils@https://registry.npmjs.org/@typescript-eslint/tsconfig-utils/-/tsconfig-utils-8.59.4.tgz 0ms (cache hit)
1121 http cache escalade@https://registry.npmjs.org/escalade/-/escalade-3.2.0.tgz 0ms (cache hit)
1122 http cache @typescript-eslint/types@https://registry.npmjs.org/@typescript-eslint/types/-/types-8.59.4.tgz 0ms (cache hit)
1123 http cache ts-api-utils@https://registry.npmjs.org/ts-api-utils/-/ts-api-utils-2.5.0.tgz 0ms (cache hit)
1124 http cache @typescript-eslint/project-service@https://registry.npmjs.org/@typescript-eslint/project-service/-/project-service-8.59.4.tgz 0ms (cache hit)
1125 http cache @typescript-eslint/visitor-keys@https://registry.npmjs.org/@typescript-eslint/visitor-keys/-/visitor-keys-8.59.4.tgz 0ms (cache hit)
1126 http cache @typescript-eslint/utils@https://registry.npmjs.org/@typescript-eslint/utils/-/utils-8.59.4.tgz 0ms (cache hit)
1127 http cache @typescript-eslint/typescript-estree@https://registry.npmjs.org/@typescript-eslint/typescript-estree/-/typescript-estree-8.59.4.tgz 0ms (cache hit)
1128 http cache @typescript-eslint/parser@https://registry.npmjs.org/@typescript-eslint/parser/-/parser-8.59.4.tgz 0ms (cache hit)
1129 http cache @typescript-eslint/type-utils@https://registry.npmjs.org/@typescript-eslint/type-utils/-/type-utils-8.59.4.tgz 0ms (cache hit)
1130 http cache @typescript-eslint/eslint-plugin@https://registry.npmjs.org/@typescript-eslint/eslint-plugin/-/eslint-plugin-8.59.4.tgz 0ms (cache hit)
1131 http cache shebang-regex@https://registry.npmjs.org/shebang-regex/-/shebang-regex-3.0.0.tgz 0ms (cache hit)
1132 http cache yocto-queue@https://registry.npmjs.org/yocto-queue/-/yocto-queue-0.1.0.tgz 0ms (cache hit)
1133 http cache p-limit@https://registry.npmjs.org/p-limit/-/p-limit-3.1.0.tgz 0ms (cache hit)
1134 http cache word-wrap@https://registry.npmjs.org/word-wrap/-/word-wrap-1.2.5.tgz 0ms (cache hit)
1135 http cache scheduler@https://registry.npmjs.org/scheduler/-/scheduler-0.27.0.tgz 0ms (cache hit)
1136 http cache fast-levenshtein@https://registry.npmjs.org/fast-levenshtein/-/fast-levenshtein-2.0.6.tgz 0ms (cache hit)
1137 http cache deep-is@https://registry.npmjs.org/deep-is/-/deep-is-0.1.4.tgz 0ms (cache hit)
1138 http cache brace-expansion@https://registry.npmjs.org/brace-expansion/-/brace-expansion-5.0.6.tgz 0ms (cache hit)
1139 http cache balanced-match@https://registry.npmjs.org/balanced-match/-/balanced-match-4.0.4.tgz 0ms (cache hit)
1140 http cache yallist@https://registry.npmjs.org/yallist/-/yallist-3.1.1.tgz 0ms (cache hit)
1141 http cache p-locate@https://registry.npmjs.org/p-locate/-/p-locate-5.0.0.tgz 0ms (cache hit)
1142 http cache @typescript-eslint/scope-manager@https://registry.npmjs.org/@typescript-eslint/scope-manager/-/scope-manager-8.59.4.tgz 0ms (cache hit)
1143 http cache prelude-ls@https://registry.npmjs.org/prelude-ls/-/prelude-ls-1.2.1.tgz 0ms (cache hit)
1144 http cache is-extglob@https://registry.npmjs.org/is-extglob/-/is-extglob-2.1.1.tgz 0ms (cache hit)
1145 http cache hermes-estree@https://registry.npmjs.org/hermes-estree/-/hermes-estree-0.25.1.tgz 0ms (cache hit)
1146 http cache keyv@https://registry.npmjs.org/keyv/-/keyv-4.5.4.tgz 0ms (cache hit)
1147 http cache json-buffer@https://registry.npmjs.org/json-buffer/-/json-buffer-3.0.1.tgz 0ms (cache hit)
1148 http cache flatted@https://registry.npmjs.org/flatted/-/flatted-3.4.2.tgz 0ms (cache hit)
1149 http cache path-exists@https://registry.npmjs.org/path-exists/-/path-exists-4.0.0.tgz 0ms (cache hit)
1150 http cache locate-path@https://registry.npmjs.org/locate-path/-/locate-path-6.0.0.tgz 0ms (cache hit)
1151 http cache flat-cache@https://registry.npmjs.org/flat-cache/-/flat-cache-4.0.1.tgz 0ms (cache hit)
1152 http cache type-check@https://registry.npmjs.org/type-check/-/type-check-0.4.0.tgz 0ms (cache hit)
1153 http cache acorn@https://registry.npmjs.org/acorn/-/acorn-8.16.0.tgz 0ms (cache hit)
1154 http cache estraverse@https://registry.npmjs.org/estraverse/-/estraverse-5.3.0.tgz 0ms (cache hit)
1155 http cache esrecurse@https://registry.npmjs.org/esrecurse/-/esrecurse-4.3.0.tgz 0ms (cache hit)
1156 http cache @types/esrecurse@https://registry.npmjs.org/@types/esrecurse/-/esrecurse-4.3.1.tgz 0ms (cache hit)
1157 http cache update-browserslist-db@https://registry.npmjs.org/update-browserslist-db/-/update-browserslist-db-1.2.3.tgz 0ms (cache hit)
1158 http cache node-releases@https://registry.npmjs.org/node-releases/-/node-releases-2.0.46.tgz 0ms (cache hit)
1159 http cache electron-to-chromium@https://registry.npmjs.org/electron-to-chromium/-/electron-to-chromium-1.5.361.tgz 0ms (cache hit)
1160 http cache caniuse-lite@https://registry.npmjs.org/caniuse-lite/-/caniuse-lite-1.0.30001793.tgz 0ms (cache hit)
1161 http cache baseline-browser-mapping@https://registry.npmjs.org/baseline-browser-mapping/-/baseline-browser-mapping-2.10.32.tgz 0ms (cache hit)
1162 http cache @jridgewell/resolve-uri@https://registry.npmjs.org/@jridgewell/resolve-uri/-/resolve-uri-3.1.2.tgz 0ms (cache hit)
1163 http cache @jridgewell/sourcemap-codec@https://registry.npmjs.org/@jridgewell/sourcemap-codec/-/sourcemap-codec-1.5.5.tgz 0ms (cache hit)
1164 http cache @babel/helper-string-parser@https://registry.npmjs.org/@babel/helper-string-parser/-/helper-string-parser-7.27.1.tgz 0ms (cache hit)
1165 http cache @babel/helper-module-imports@https://registry.npmjs.org/@babel/helper-module-imports/-/helper-module-imports-7.28.6.tgz 0ms (cache hit)
1166 http cache lru-cache@https://registry.npmjs.org/lru-cache/-/lru-cache-5.1.1.tgz 0ms (cache hit)
1167 http cache acorn-jsx@https://registry.npmjs.org/acorn-jsx/-/acorn-jsx-5.3.2.tgz 0ms (cache hit)
1168 http cache browserslist@https://registry.npmjs.org/browserslist/-/browserslist-4.28.2.tgz 0ms (cache hit)
1169 http cache @babel/helper-globals@https://registry.npmjs.org/@babel/helper-globals/-/helper-globals-7.28.0.tgz 0ms (cache hit)
1170 http cache @babel/helper-validator-option@https://registry.npmjs.org/@babel/helper-validator-option/-/helper-validator-option-7.27.1.tgz 0ms (cache hit)
1171 http cache @jridgewell/trace-mapping@https://registry.npmjs.org/@jridgewell/trace-mapping/-/trace-mapping-0.3.31.tgz 0ms (cache hit)
1172 http cache @jridgewell/gen-mapping@https://registry.npmjs.org/@jridgewell/gen-mapping/-/gen-mapping-0.3.13.tgz 0ms (cache hit)
1173 http cache picocolors@https://registry.npmjs.org/picocolors/-/picocolors-1.1.1.tgz 0ms (cache hit)
1174 http cache js-tokens@https://registry.npmjs.org/js-tokens/-/js-tokens-4.0.0.tgz 0ms (cache hit)
1175 http cache @babel/helper-validator-identifier@https://registry.npmjs.org/@babel/helper-validator-identifier/-/helper-validator-identifier-7.28.5.tgz 0ms (cache hit)
1176 http cache jsesc@https://registry.npmjs.org/jsesc/-/jsesc-3.1.0.tgz 0ms (cache hit)
1177 http cache semver@https://registry.npmjs.org/semver/-/semver-6.3.1.tgz 0ms (cache hit)
1178 http cache json5@https://registry.npmjs.org/json5/-/json5-2.2.3.tgz 0ms (cache hit)
1179 http cache gensync@https://registry.npmjs.org/gensync/-/gensync-1.0.0-beta.2.tgz 0ms (cache hit)
1180 http cache convert-source-map@https://registry.npmjs.org/convert-source-map/-/convert-source-map-2.0.0.tgz 0ms (cache hit)
1181 http cache @jridgewell/remapping@https://registry.npmjs.org/@jridgewell/remapping/-/remapping-2.3.5.tgz 0ms (cache hit)
1182 http cache @babel/types@https://registry.npmjs.org/@babel/types/-/types-7.29.0.tgz 0ms (cache hit)
1183 http cache @babel/compat-data@https://registry.npmjs.org/@babel/compat-data/-/compat-data-7.29.3.tgz 0ms (cache hit)
1184 http cache @babel/traverse@https://registry.npmjs.org/@babel/traverse/-/traverse-7.29.0.tgz 0ms (cache hit)
1185 http cache @babel/template@https://registry.npmjs.org/@babel/template/-/template-7.28.6.tgz 0ms (cache hit)
1186 http cache @babel/helpers@https://registry.npmjs.org/@babel/helpers/-/helpers-7.29.2.tgz 0ms (cache hit)
1187 http cache @babel/helper-compilation-targets@https://registry.npmjs.org/@babel/helper-compilation-targets/-/helper-compilation-targets-7.28.6.tgz 0ms (cache hit)
1188 http cache @babel/helper-module-transforms@https://registry.npmjs.org/@babel/helper-module-transforms/-/helper-module-transforms-7.28.6.tgz 0ms (cache hit)
1189 http cache zod-validation-error@https://registry.npmjs.org/zod-validation-error/-/zod-validation-error-4.0.2.tgz 0ms (cache hit)
1190 http cache zod@https://registry.npmjs.org/zod/-/zod-4.4.3.tgz 0ms (cache hit)
1191 http cache @babel/generator@https://registry.npmjs.org/@babel/generator/-/generator-7.29.1.tgz 0ms (cache hit)
1192 http cache @babel/code-frame@https://registry.npmjs.org/@babel/code-frame/-/code-frame-7.29.0.tgz 0ms (cache hit)
1193 http cache hermes-parser@https://registry.npmjs.org/hermes-parser/-/hermes-parser-0.25.1.tgz 0ms (cache hit)
1194 http cache @babel/parser@https://registry.npmjs.org/@babel/parser/-/parser-7.29.3.tgz 0ms (cache hit)
1195 http cache which@https://registry.npmjs.org/which/-/which-2.0.2.tgz 0ms (cache hit)
1196 http cache ms@https://registry.npmjs.org/ms/-/ms-2.1.3.tgz 0ms (cache hit)
1197 http cache shebang-command@https://registry.npmjs.org/shebang-command/-/shebang-command-2.0.0.tgz 0ms (cache hit)
1198 http cache path-key@https://registry.npmjs.org/path-key/-/path-key-3.1.1.tgz 0ms (cache hit)
1199 http cache uri-js@https://registry.npmjs.org/uri-js/-/uri-js-4.4.1.tgz 0ms (cache hit)
1200 http cache json-schema-traverse@https://registry.npmjs.org/json-schema-traverse/-/json-schema-traverse-0.4.1.tgz 0ms (cache hit)
1201 http cache @babel/core@https://registry.npmjs.org/@babel/core/-/core-7.29.0.tgz 0ms (cache hit)
1202 http cache fast-json-stable-stringify@https://registry.npmjs.org/fast-json-stable-stringify/-/fast-json-stable-stringify-2.1.0.tgz 0ms (cache hit)
1203 http cache @humanfs/types@https://registry.npmjs.org/@humanfs/types/-/types-0.15.0.tgz 0ms (cache hit)
1204 http cache @humanfs/core@https://registry.npmjs.org/@humanfs/core/-/core-0.19.2.tgz 0ms (cache hit)
1205 http cache @eslint/object-schema@https://registry.npmjs.org/@eslint/object-schema/-/object-schema-3.0.5.tgz 0ms (cache hit)
1206 http cache optionator@https://registry.npmjs.org/optionator/-/optionator-0.9.4.tgz 0ms (cache hit)
1207 http cache @types/json-schema@https://registry.npmjs.org/@types/json-schema/-/json-schema-7.0.15.tgz 0ms (cache hit)
1208 http cache natural-compare@https://registry.npmjs.org/natural-compare/-/natural-compare-1.4.0.tgz 0ms (cache hit)
1209 http cache levn@https://registry.npmjs.org/levn/-/levn-0.4.1.tgz 0ms (cache hit)
1210 http cache minimatch@https://registry.npmjs.org/minimatch/-/minimatch-10.2.5.tgz 0ms (cache hit)
1211 http cache json-stable-stringify-without-jsonify@https://registry.npmjs.org/json-stable-stringify-without-jsonify/-/json-stable-stringify-without-jsonify-1.0.1.tgz 0ms (cache hit)
1212 http cache is-glob@https://registry.npmjs.org/is-glob/-/is-glob-4.0.3.tgz 0ms (cache hit)
1213 http cache ignore@https://registry.npmjs.org/ignore/-/ignore-5.3.2.tgz 0ms (cache hit)
1214 http cache glob-parent@https://registry.npmjs.org/glob-parent/-/glob-parent-6.0.2.tgz 0ms (cache hit)
1215 http cache find-up@https://registry.npmjs.org/find-up/-/find-up-5.0.0.tgz 0ms (cache hit)
1216 http cache imurmurhash@https://registry.npmjs.org/imurmurhash/-/imurmurhash-0.1.4.tgz 0ms (cache hit)
1217 http cache fast-deep-equal@https://registry.npmjs.org/fast-deep-equal/-/fast-deep-equal-3.1.3.tgz 0ms (cache hit)
1218 http cache espree@https://registry.npmjs.org/espree/-/espree-11.2.0.tgz 0ms (cache hit)
1219 http cache file-entry-cache@https://registry.npmjs.org/file-entry-cache/-/file-entry-cache-8.0.0.tgz 0ms (cache hit)
1220 http cache eslint-visitor-keys@https://registry.npmjs.org/eslint-visitor-keys/-/eslint-visitor-keys-5.0.1.tgz 0ms (cache hit)
1221 http cache eslint-scope@https://registry.npmjs.org/eslint-scope/-/eslint-scope-9.1.2.tgz 0ms (cache hit)
1222 http cache esutils@https://registry.npmjs.org/esutils/-/esutils-2.0.3.tgz 0ms (cache hit)
1223 http cache escape-string-regexp@https://registry.npmjs.org/escape-string-regexp/-/escape-string-regexp-4.0.0.tgz 0ms (cache hit)
1224 http cache debug@https://registry.npmjs.org/debug/-/debug-4.4.3.tgz 0ms (cache hit)
1225 http cache cross-spawn@https://registry.npmjs.org/cross-spawn/-/cross-spawn-7.0.6.tgz 0ms (cache hit)
1226 http cache ajv@https://registry.npmjs.org/ajv/-/ajv-6.15.0.tgz 0ms (cache hit)
1227 http cache esquery@https://registry.npmjs.org/esquery/-/esquery-1.7.0.tgz 0ms (cache hit)
1228 http cache @types/estree@https://registry.npmjs.org/@types/estree/-/estree-1.0.9.tgz 0ms (cache hit)
1229 http cache @humanwhocodes/retry@https://registry.npmjs.org/@humanwhocodes/retry/-/retry-0.4.3.tgz 0ms (cache hit)
1230 http cache @humanwhocodes/module-importer@https://registry.npmjs.org/@humanwhocodes/module-importer/-/module-importer-1.0.1.tgz 0ms (cache hit)
1231 http cache @eslint/core@https://registry.npmjs.org/@eslint/core/-/core-1.2.1.tgz 0ms (cache hit)
1232 http cache @eslint/plugin-kit@https://registry.npmjs.org/@eslint/plugin-kit/-/plugin-kit-0.7.1.tgz 0ms (cache hit)
1233 http cache @eslint/config-helpers@https://registry.npmjs.org/@eslint/config-helpers/-/config-helpers-0.6.0.tgz 0ms (cache hit)
1234 http cache @humanfs/node@https://registry.npmjs.org/@humanfs/node/-/node-0.16.8.tgz 0ms (cache hit)
1235 http cache @eslint-community/eslint-utils@https://registry.npmjs.org/@eslint-community/eslint-utils/-/eslint-utils-4.9.1.tgz 0ms (cache hit)
1236 http cache @eslint/config-array@https://registry.npmjs.org/@eslint/config-array/-/config-array-0.23.5.tgz 0ms (cache hit)
1237 http cache csstype@https://registry.npmjs.org/csstype/-/csstype-3.2.3.tgz 0ms (cache hit)
1238 http cache undici-types@https://registry.npmjs.org/undici-types/-/undici-types-7.16.0.tgz 0ms (cache hit)
1239 http cache @eslint-community/regexpp@https://registry.npmjs.org/@eslint-community/regexpp/-/regexpp-4.12.2.tgz 0ms (cache hit)
1240 http cache typescript-eslint@https://registry.npmjs.org/typescript-eslint/-/typescript-eslint-8.59.4.tgz 0ms (cache hit)
1241 http cache typescript@https://registry.npmjs.org/typescript/-/typescript-6.0.3.tgz 0ms (cache hit)
1242 http cache react-dom@https://registry.npmjs.org/react-dom/-/react-dom-19.2.6.tgz 0ms (cache hit)
1243 http cache react@https://registry.npmjs.org/react/-/react-19.2.6.tgz 0ms (cache hit)
1244 http cache globals@https://registry.npmjs.org/globals/-/globals-17.6.0.tgz 0ms (cache hit)
1245 http cache eslint-plugin-react-refresh@https://registry.npmjs.org/eslint-plugin-react-refresh/-/eslint-plugin-react-refresh-0.5.2.tgz 0ms (cache hit)
1246 http cache @rolldown/pluginutils@https://registry.npmjs.org/@rolldown/pluginutils/-/pluginutils-1.0.1.tgz 0ms (cache hit)
1247 http cache eslint-plugin-react-hooks@https://registry.npmjs.org/eslint-plugin-react-hooks/-/eslint-plugin-react-hooks-7.1.1.tgz 0ms (cache hit)
1248 http cache eslint@https://registry.npmjs.org/eslint/-/eslint-10.4.0.tgz 0ms (cache hit)
1249 http cache vite@https://registry.npmjs.org/vite/-/vite-8.0.14.tgz 0ms (cache hit)
1250 http cache @types/react-dom@https://registry.npmjs.org/@types/react-dom/-/react-dom-19.2.3.tgz 0ms (cache hit)
1251 http cache @types/react@https://registry.npmjs.org/@types/react/-/react-19.2.15.tgz 0ms (cache hit)
1252 http cache @types/node@https://registry.npmjs.org/@types/node/-/node-24.12.4.tgz 0ms (cache hit)
1253 http cache @vitejs/plugin-react@https://registry.npmjs.org/@vitejs/plugin-react/-/plugin-react-6.0.2.tgz 0ms (cache hit)
1254 http cache @eslint/js@https://registry.npmjs.org/@eslint/js/-/js-10.0.1.tgz 0ms (cache hit)
1255 http cache semver@https://registry.npmjs.org/semver/-/semver-7.8.1.tgz 0ms (cache hit)
1256 http cache ignore@https://registry.npmjs.org/ignore/-/ignore-7.0.5.tgz 0ms (cache hit)
1257 http cache eslint-visitor-keys@https://registry.npmjs.org/eslint-visitor-keys/-/eslint-visitor-keys-3.4.3.tgz 0ms (cache hit)
1258 silly tarball no local data for isexe@https://registry.npmjs.org/isexe/-/isexe-2.0.0.tgz. Extracting by manifest.
1259 silly tarball no local data for @rolldown/binding-darwin-arm64@https://registry.npmjs.org/@rolldown/binding-darwin-arm64/-/binding-darwin-arm64-1.0.2.tgz. Extracting by manifest.
1260 silly tarball no local data for source-map-js@https://registry.npmjs.org/source-map-js/-/source-map-js-1.2.1.tgz. Extracting by manifest.
1261 silly tarball no local data for @oxc-project/types@https://registry.npmjs.org/@oxc-project/types/-/types-0.132.0.tgz. Extracting by manifest.
1262 silly tarball no local data for nanoid@https://registry.npmjs.org/nanoid/-/nanoid-3.3.12.tgz. Extracting by manifest.
1263 silly tarball no local data for rolldown@https://registry.npmjs.org/rolldown/-/rolldown-1.0.2.tgz. Extracting by manifest.
1264 silly tarball no local data for lightningcss-darwin-arm64@https://registry.npmjs.org/lightningcss-darwin-arm64/-/lightningcss-darwin-arm64-1.32.0.tgz. Extracting by manifest.
1265 silly tarball no local data for postcss@https://registry.npmjs.org/postcss/-/postcss-8.5.15.tgz. Extracting by manifest.
1266 silly tarball no local data for detect-libc@https://registry.npmjs.org/detect-libc/-/detect-libc-2.1.2.tgz. Extracting by manifest.
1267 silly tarball no local data for fsevents@https://registry.npmjs.org/fsevents/-/fsevents-2.3.3.tgz. Extracting by manifest.
1268 silly tarball no local data for punycode@https://registry.npmjs.org/punycode/-/punycode-2.3.1.tgz. Extracting by manifest.
1269 silly tarball no local data for lightningcss@https://registry.npmjs.org/lightningcss/-/lightningcss-1.32.0.tgz. Extracting by manifest.
1270 silly tarball no local data for picomatch@https://registry.npmjs.org/picomatch/-/picomatch-4.0.4.tgz. Extracting by manifest.
1271 silly tarball no local data for fdir@https://registry.npmjs.org/fdir/-/fdir-6.5.0.tgz. Extracting by manifest.
1272 silly tarball no local data for tinyglobby@https://registry.npmjs.org/tinyglobby/-/tinyglobby-0.2.16.tgz. Extracting by manifest.
1273 silly tarball no local data for @typescript-eslint/tsconfig-utils@https://registry.npmjs.org/@typescript-eslint/tsconfig-utils/-/tsconfig-utils-8.59.4.tgz. Extracting by manifest.
1274 silly tarball no local data for escalade@https://registry.npmjs.org/escalade/-/escalade-3.2.0.tgz. Extracting by manifest.
1275 silly tarball no local data for @typescript-eslint/types@https://registry.npmjs.org/@typescript-eslint/types/-/types-8.59.4.tgz. Extracting by manifest.
1276 silly tarball no local data for ts-api-utils@https://registry.npmjs.org/ts-api-utils/-/ts-api-utils-2.5.0.tgz. Extracting by manifest.
1277 silly tarball no local data for @typescript-eslint/project-service@https://registry.npmjs.org/@typescript-eslint/project-service/-/project-service-8.59.4.tgz. Extracting by manifest.
1278 silly tarball no local data for @typescript-eslint/visitor-keys@https://registry.npmjs.org/@typescript-eslint/visitor-keys/-/visitor-keys-8.59.4.tgz. Extracting by manifest.
1279 silly tarball no local data for @typescript-eslint/utils@https://registry.npmjs.org/@typescript-eslint/utils/-/utils-8.59.4.tgz. Extracting by manifest.
1280 silly tarball no local data for @typescript-eslint/typescript-estree@https://registry.npmjs.org/@typescript-eslint/typescript-estree/-/typescript-estree-8.59.4.tgz. Extracting by manifest.
1281 silly tarball no local data for @typescript-eslint/parser@https://registry.npmjs.org/@typescript-eslint/parser/-/parser-8.59.4.tgz. Extracting by manifest.
1282 silly tarball no local data for @typescript-eslint/type-utils@https://registry.npmjs.org/@typescript-eslint/type-utils/-/type-utils-8.59.4.tgz. Extracting by manifest.
1283 silly tarball no local data for @typescript-eslint/eslint-plugin@https://registry.npmjs.org/@typescript-eslint/eslint-plugin/-/eslint-plugin-8.59.4.tgz. Extracting by manifest.
1284 silly tarball no local data for shebang-regex@https://registry.npmjs.org/shebang-regex/-/shebang-regex-3.0.0.tgz. Extracting by manifest.
1285 silly tarball no local data for yocto-queue@https://registry.npmjs.org/yocto-queue/-/yocto-queue-0.1.0.tgz. Extracting by manifest.
1286 silly tarball no local data for p-limit@https://registry.npmjs.org/p-limit/-/p-limit-3.1.0.tgz. Extracting by manifest.
1287 silly tarball no local data for word-wrap@https://registry.npmjs.org/word-wrap/-/word-wrap-1.2.5.tgz. Extracting by manifest.
1288 silly tarball no local data for scheduler@https://registry.npmjs.org/scheduler/-/scheduler-0.27.0.tgz. Extracting by manifest.
1289 silly tarball no local data for fast-levenshtein@https://registry.npmjs.org/fast-levenshtein/-/fast-levenshtein-2.0.6.tgz. Extracting by manifest.
1290 silly tarball no local data for deep-is@https://registry.npmjs.org/deep-is/-/deep-is-0.1.4.tgz. Extracting by manifest.
1291 silly tarball no local data for brace-expansion@https://registry.npmjs.org/brace-expansion/-/brace-expansion-5.0.6.tgz. Extracting by manifest.
1292 silly tarball no local data for balanced-match@https://registry.npmjs.org/balanced-match/-/balanced-match-4.0.4.tgz. Extracting by manifest.
1293 silly tarball no local data for yallist@https://registry.npmjs.org/yallist/-/yallist-3.1.1.tgz. Extracting by manifest.
1294 silly tarball no local data for p-locate@https://registry.npmjs.org/p-locate/-/p-locate-5.0.0.tgz. Extracting by manifest.
1295 silly tarball no local data for @typescript-eslint/scope-manager@https://registry.npmjs.org/@typescript-eslint/scope-manager/-/scope-manager-8.59.4.tgz. Extracting by manifest.
1296 silly tarball no local data for prelude-ls@https://registry.npmjs.org/prelude-ls/-/prelude-ls-1.2.1.tgz. Extracting by manifest.
1297 silly tarball no local data for is-extglob@https://registry.npmjs.org/is-extglob/-/is-extglob-2.1.1.tgz. Extracting by manifest.
1298 silly tarball no local data for hermes-estree@https://registry.npmjs.org/hermes-estree/-/hermes-estree-0.25.1.tgz. Extracting by manifest.
1299 silly tarball no local data for keyv@https://registry.npmjs.org/keyv/-/keyv-4.5.4.tgz. Extracting by manifest.
1300 silly tarball no local data for json-buffer@https://registry.npmjs.org/json-buffer/-/json-buffer-3.0.1.tgz. Extracting by manifest.
1301 silly tarball no local data for flatted@https://registry.npmjs.org/flatted/-/flatted-3.4.2.tgz. Extracting by manifest.
1302 silly tarball no local data for path-exists@https://registry.npmjs.org/path-exists/-/path-exists-4.0.0.tgz. Extracting by manifest.
1303 silly tarball no local data for locate-path@https://registry.npmjs.org/locate-path/-/locate-path-6.0.0.tgz. Extracting by manifest.
1304 silly tarball no local data for flat-cache@https://registry.npmjs.org/flat-cache/-/flat-cache-4.0.1.tgz. Extracting by manifest.
1305 silly tarball no local data for type-check@https://registry.npmjs.org/type-check/-/type-check-0.4.0.tgz. Extracting by manifest.
1306 silly tarball no local data for acorn@https://registry.npmjs.org/acorn/-/acorn-8.16.0.tgz. Extracting by manifest.
1307 silly tarball no local data for estraverse@https://registry.npmjs.org/estraverse/-/estraverse-5.3.0.tgz. Extracting by manifest.
1308 silly tarball no local data for esrecurse@https://registry.npmjs.org/esrecurse/-/esrecurse-4.3.0.tgz. Extracting by manifest.
1309 silly tarball no local data for @types/esrecurse@https://registry.npmjs.org/@types/esrecurse/-/esrecurse-4.3.1.tgz. Extracting by manifest.
1310 silly tarball no local data for update-browserslist-db@https://registry.npmjs.org/update-browserslist-db/-/update-browserslist-db-1.2.3.tgz. Extracting by manifest.
1311 silly tarball no local data for node-releases@https://registry.npmjs.org/node-releases/-/node-releases-2.0.46.tgz. Extracting by manifest.
1312 silly tarball no local data for electron-to-chromium@https://registry.npmjs.org/electron-to-chromium/-/electron-to-chromium-1.5.361.tgz. Extracting by manifest.
1313 silly tarball no local data for caniuse-lite@https://registry.npmjs.org/caniuse-lite/-/caniuse-lite-1.0.30001793.tgz. Extracting by manifest.
1314 silly tarball no local data for baseline-browser-mapping@https://registry.npmjs.org/baseline-browser-mapping/-/baseline-browser-mapping-2.10.32.tgz. Extracting by manifest.
1315 silly tarball no local data for @jridgewell/resolve-uri@https://registry.npmjs.org/@jridgewell/resolve-uri/-/resolve-uri-3.1.2.tgz. Extracting by manifest.
1316 silly tarball no local data for @jridgewell/sourcemap-codec@https://registry.npmjs.org/@jridgewell/sourcemap-codec/-/sourcemap-codec-1.5.5.tgz. Extracting by manifest.
1317 silly tarball no local data for @babel/helper-string-parser@https://registry.npmjs.org/@babel/helper-string-parser/-/helper-string-parser-7.27.1.tgz. Extracting by manifest.
1318 silly tarball no local data for @babel/helper-module-imports@https://registry.npmjs.org/@babel/helper-module-imports/-/helper-module-imports-7.28.6.tgz. Extracting by manifest.
1319 silly tarball no local data for lru-cache@https://registry.npmjs.org/lru-cache/-/lru-cache-5.1.1.tgz. Extracting by manifest.
1320 silly tarball no local data for acorn-jsx@https://registry.npmjs.org/acorn-jsx/-/acorn-jsx-5.3.2.tgz. Extracting by manifest.
1321 silly tarball no local data for browserslist@https://registry.npmjs.org/browserslist/-/browserslist-4.28.2.tgz. Extracting by manifest.
1322 silly tarball no local data for @babel/helper-globals@https://registry.npmjs.org/@babel/helper-globals/-/helper-globals-7.28.0.tgz. Extracting by manifest.
1323 silly tarball no local data for @babel/helper-validator-option@https://registry.npmjs.org/@babel/helper-validator-option/-/helper-validator-option-7.27.1.tgz. Extracting by manifest.
1324 silly tarball no local data for @jridgewell/trace-mapping@https://registry.npmjs.org/@jridgewell/trace-mapping/-/trace-mapping-0.3.31.tgz. Extracting by manifest.
1325 silly tarball no local data for @jridgewell/gen-mapping@https://registry.npmjs.org/@jridgewell/gen-mapping/-/gen-mapping-0.3.13.tgz. Extracting by manifest.
1326 silly tarball no local data for picocolors@https://registry.npmjs.org/picocolors/-/picocolors-1.1.1.tgz. Extracting by manifest.
1327 silly tarball no local data for js-tokens@https://registry.npmjs.org/js-tokens/-/js-tokens-4.0.0.tgz. Extracting by manifest.
1328 silly tarball no local data for @babel/helper-validator-identifier@https://registry.npmjs.org/@babel/helper-validator-identifier/-/helper-validator-identifier-7.28.5.tgz. Extracting by manifest.
1329 silly tarball no local data for jsesc@https://registry.npmjs.org/jsesc/-/jsesc-3.1.0.tgz. Extracting by manifest.
1330 silly tarball no local data for semver@https://registry.npmjs.org/semver/-/semver-6.3.1.tgz. Extracting by manifest.
1331 silly tarball no local data for json5@https://registry.npmjs.org/json5/-/json5-2.2.3.tgz. Extracting by manifest.
1332 silly tarball no local data for gensync@https://registry.npmjs.org/gensync/-/gensync-1.0.0-beta.2.tgz. Extracting by manifest.
1333 silly tarball no local data for convert-source-map@https://registry.npmjs.org/convert-source-map/-/convert-source-map-2.0.0.tgz. Extracting by manifest.
1334 silly tarball no local data for @jridgewell/remapping@https://registry.npmjs.org/@jridgewell/remapping/-/remapping-2.3.5.tgz. Extracting by manifest.
1335 silly tarball no local data for @babel/types@https://registry.npmjs.org/@babel/types/-/types-7.29.0.tgz. Extracting by manifest.
1336 silly tarball no local data for @babel/compat-data@https://registry.npmjs.org/@babel/compat-data/-/compat-data-7.29.3.tgz. Extracting by manifest.
1337 silly tarball no local data for @babel/traverse@https://registry.npmjs.org/@babel/traverse/-/traverse-7.29.0.tgz. Extracting by manifest.
1338 silly tarball no local data for @babel/template@https://registry.npmjs.org/@babel/template/-/template-7.28.6.tgz. Extracting by manifest.
1339 silly tarball no local data for @babel/helpers@https://registry.npmjs.org/@babel/helpers/-/helpers-7.29.2.tgz. Extracting by manifest.
1340 silly tarball no local data for @babel/helper-compilation-targets@https://registry.npmjs.org/@babel/helper-compilation-targets/-/helper-compilation-targets-7.28.6.tgz. Extracting by manifest.
1341 silly tarball no local data for @babel/helper-module-transforms@https://registry.npmjs.org/@babel/helper-module-transforms/-/helper-module-transforms-7.28.6.tgz. Extracting by manifest.
1342 silly tarball no local data for zod-validation-error@https://registry.npmjs.org/zod-validation-error/-/zod-validation-error-4.0.2.tgz. Extracting by manifest.
1343 silly tarball no local data for zod@https://registry.npmjs.org/zod/-/zod-4.4.3.tgz. Extracting by manifest.
1344 silly tarball no local data for @babel/generator@https://registry.npmjs.org/@babel/generator/-/generator-7.29.1.tgz. Extracting by manifest.
1345 silly tarball no local data for @babel/code-frame@https://registry.npmjs.org/@babel/code-frame/-/code-frame-7.29.0.tgz. Extracting by manifest.
1346 silly tarball no local data for hermes-parser@https://registry.npmjs.org/hermes-parser/-/hermes-parser-0.25.1.tgz. Extracting by manifest.
1347 silly tarball no local data for @babel/parser@https://registry.npmjs.org/@babel/parser/-/parser-7.29.3.tgz. Extracting by manifest.
1348 silly tarball no local data for which@https://registry.npmjs.org/which/-/which-2.0.2.tgz. Extracting by manifest.
1349 silly tarball no local data for ms@https://registry.npmjs.org/ms/-/ms-2.1.3.tgz. Extracting by manifest.
1350 silly tarball no local data for shebang-command@https://registry.npmjs.org/shebang-command/-/shebang-command-2.0.0.tgz. Extracting by manifest.
1351 silly tarball no local data for path-key@https://registry.npmjs.org/path-key/-/path-key-3.1.1.tgz. Extracting by manifest.
1352 silly tarball no local data for uri-js@https://registry.npmjs.org/uri-js/-/uri-js-4.4.1.tgz. Extracting by manifest.
1353 silly tarball no local data for json-schema-traverse@https://registry.npmjs.org/json-schema-traverse/-/json-schema-traverse-0.4.1.tgz. Extracting by manifest.
1354 silly tarball no local data for @babel/core@https://registry.npmjs.org/@babel/core/-/core-7.29.0.tgz. Extracting by manifest.
1355 silly tarball no local data for fast-json-stable-stringify@https://registry.npmjs.org/fast-json-stable-stringify/-/fast-json-stable-stringify-2.1.0.tgz. Extracting by manifest.
1356 silly tarball no local data for @humanfs/types@https://registry.npmjs.org/@humanfs/types/-/types-0.15.0.tgz. Extracting by manifest.
1357 silly tarball no local data for @humanfs/core@https://registry.npmjs.org/@humanfs/core/-/core-0.19.2.tgz. Extracting by manifest.
1358 silly tarball no local data for @eslint/object-schema@https://registry.npmjs.org/@eslint/object-schema/-/object-schema-3.0.5.tgz. Extracting by manifest.
1359 silly tarball no local data for optionator@https://registry.npmjs.org/optionator/-/optionator-0.9.4.tgz. Extracting by manifest.
1360 silly tarball no local data for @types/json-schema@https://registry.npmjs.org/@types/json-schema/-/json-schema-7.0.15.tgz. Extracting by manifest.
1361 silly tarball no local data for natural-compare@https://registry.npmjs.org/natural-compare/-/natural-compare-1.4.0.tgz. Extracting by manifest.
1362 silly tarball no local data for levn@https://registry.npmjs.org/levn/-/levn-0.4.1.tgz. Extracting by manifest.
1363 silly tarball no local data for minimatch@https://registry.npmjs.org/minimatch/-/minimatch-10.2.5.tgz. Extracting by manifest.
1364 silly tarball no local data for json-stable-stringify-without-jsonify@https://registry.npmjs.org/json-stable-stringify-without-jsonify/-/json-stable-stringify-without-jsonify-1.0.1.tgz. Extracting by manifest.
1365 silly tarball no local data for is-glob@https://registry.npmjs.org/is-glob/-/is-glob-4.0.3.tgz. Extracting by manifest.
1366 silly tarball no local data for ignore@https://registry.npmjs.org/ignore/-/ignore-5.3.2.tgz. Extracting by manifest.
1367 silly tarball no local data for glob-parent@https://registry.npmjs.org/glob-parent/-/glob-parent-6.0.2.tgz. Extracting by manifest.
1368 silly tarball no local data for find-up@https://registry.npmjs.org/find-up/-/find-up-5.0.0.tgz. Extracting by manifest.
1369 silly tarball no local data for imurmurhash@https://registry.npmjs.org/imurmurhash/-/imurmurhash-0.1.4.tgz. Extracting by manifest.
1370 silly tarball no local data for fast-deep-equal@https://registry.npmjs.org/fast-deep-equal/-/fast-deep-equal-3.1.3.tgz. Extracting by manifest.
1371 silly tarball no local data for espree@https://registry.npmjs.org/espree/-/espree-11.2.0.tgz. Extracting by manifest.
1372 silly tarball no local data for file-entry-cache@https://registry.npmjs.org/file-entry-cache/-/file-entry-cache-8.0.0.tgz. Extracting by manifest.
1373 silly tarball no local data for eslint-visitor-keys@https://registry.npmjs.org/eslint-visitor-keys/-/eslint-visitor-keys-5.0.1.tgz. Extracting by manifest.
1374 silly tarball no local data for eslint-scope@https://registry.npmjs.org/eslint-scope/-/eslint-scope-9.1.2.tgz. Extracting by manifest.
1375 silly tarball no local data for esutils@https://registry.npmjs.org/esutils/-/esutils-2.0.3.tgz. Extracting by manifest.
1376 silly tarball no local data for escape-string-regexp@https://registry.npmjs.org/escape-string-regexp/-/escape-string-regexp-4.0.0.tgz. Extracting by manifest.
1377 silly tarball no local data for debug@https://registry.npmjs.org/debug/-/debug-4.4.3.tgz. Extracting by manifest.
1378 silly tarball no local data for cross-spawn@https://registry.npmjs.org/cross-spawn/-/cross-spawn-7.0.6.tgz. Extracting by manifest.
1379 silly tarball no local data for ajv@https://registry.npmjs.org/ajv/-/ajv-6.15.0.tgz. Extracting by manifest.
1380 silly tarball no local data for esquery@https://registry.npmjs.org/esquery/-/esquery-1.7.0.tgz. Extracting by manifest.
1381 silly tarball no local data for @types/estree@https://registry.npmjs.org/@types/estree/-/estree-1.0.9.tgz. Extracting by manifest.
1382 silly tarball no local data for @humanwhocodes/retry@https://registry.npmjs.org/@humanwhocodes/retry/-/retry-0.4.3.tgz. Extracting by manifest.
1383 silly tarball no local data for @humanwhocodes/module-importer@https://registry.npmjs.org/@humanwhocodes/module-importer/-/module-importer-1.0.1.tgz. Extracting by manifest.
1384 silly tarball no local data for @eslint/core@https://registry.npmjs.org/@eslint/core/-/core-1.2.1.tgz. Extracting by manifest.
1385 silly tarball no local data for @eslint/plugin-kit@https://registry.npmjs.org/@eslint/plugin-kit/-/plugin-kit-0.7.1.tgz. Extracting by manifest.
1386 silly tarball no local data for @eslint/config-helpers@https://registry.npmjs.org/@eslint/config-helpers/-/config-helpers-0.6.0.tgz. Extracting by manifest.
1387 silly tarball no local data for @humanfs/node@https://registry.npmjs.org/@humanfs/node/-/node-0.16.8.tgz. Extracting by manifest.
1388 silly tarball no local data for @eslint-community/eslint-utils@https://registry.npmjs.org/@eslint-community/eslint-utils/-/eslint-utils-4.9.1.tgz. Extracting by manifest.
1389 silly tarball no local data for @eslint/config-array@https://registry.npmjs.org/@eslint/config-array/-/config-array-0.23.5.tgz. Extracting by manifest.
1390 silly tarball no local data for csstype@https://registry.npmjs.org/csstype/-/csstype-3.2.3.tgz. Extracting by manifest.
1391 silly tarball no local data for undici-types@https://registry.npmjs.org/undici-types/-/undici-types-7.16.0.tgz. Extracting by manifest.
1392 silly tarball no local data for @eslint-community/regexpp@https://registry.npmjs.org/@eslint-community/regexpp/-/regexpp-4.12.2.tgz. Extracting by manifest.
1393 silly tarball no local data for typescript-eslint@https://registry.npmjs.org/typescript-eslint/-/typescript-eslint-8.59.4.tgz. Extracting by manifest.
1394 silly tarball no local data for typescript@https://registry.npmjs.org/typescript/-/typescript-6.0.3.tgz. Extracting by manifest.
1395 silly tarball no local data for react-dom@https://registry.npmjs.org/react-dom/-/react-dom-19.2.6.tgz. Extracting by manifest.
1396 silly tarball no local data for react@https://registry.npmjs.org/react/-/react-19.2.6.tgz. Extracting by manifest.
1397 silly tarball no local data for globals@https://registry.npmjs.org/globals/-/globals-17.6.0.tgz. Extracting by manifest.
1398 silly tarball no local data for eslint-plugin-react-refresh@https://registry.npmjs.org/eslint-plugin-react-refresh/-/eslint-plugin-react-refresh-0.5.2.tgz. Extracting by manifest.
1399 silly tarball no local data for @rolldown/pluginutils@https://registry.npmjs.org/@rolldown/pluginutils/-/pluginutils-1.0.1.tgz. Extracting by manifest.
1400 silly tarball no local data for eslint-plugin-react-hooks@https://registry.npmjs.org/eslint-plugin-react-hooks/-/eslint-plugin-react-hooks-7.1.1.tgz. Extracting by manifest.
1401 silly tarball no local data for eslint@https://registry.npmjs.org/eslint/-/eslint-10.4.0.tgz. Extracting by manifest.
1402 silly tarball no local data for vite@https://registry.npmjs.org/vite/-/vite-8.0.14.tgz. Extracting by manifest.
1403 silly tarball no local data for @types/react-dom@https://registry.npmjs.org/@types/react-dom/-/react-dom-19.2.3.tgz. Extracting by manifest.
1404 silly tarball no local data for @types/react@https://registry.npmjs.org/@types/react/-/react-19.2.15.tgz. Extracting by manifest.
1405 silly tarball no local data for @types/node@https://registry.npmjs.org/@types/node/-/node-24.12.4.tgz. Extracting by manifest.
1406 silly tarball no local data for @vitejs/plugin-react@https://registry.npmjs.org/@vitejs/plugin-react/-/plugin-react-6.0.2.tgz. Extracting by manifest.
1407 silly tarball no local data for @eslint/js@https://registry.npmjs.org/@eslint/js/-/js-10.0.1.tgz. Extracting by manifest.
1408 silly tarball no local data for semver@https://registry.npmjs.org/semver/-/semver-7.8.1.tgz. Extracting by manifest.
1409 silly tarball no local data for ignore@https://registry.npmjs.org/ignore/-/ignore-7.0.5.tgz. Extracting by manifest.
1410 silly tarball no local data for eslint-visitor-keys@https://registry.npmjs.org/eslint-visitor-keys/-/eslint-visitor-keys-3.4.3.tgz. Extracting by manifest.
1411 http fetch GET 200 https://registry.npmjs.org/isexe/-/isexe-2.0.0.tgz 104ms (cache miss)
1412 http fetch GET 200 https://registry.npmjs.org/nanoid/-/nanoid-3.3.12.tgz 104ms (cache miss)
1413 http fetch GET 200 https://registry.npmjs.org/escalade/-/escalade-3.2.0.tgz 105ms (cache miss)
1414 http fetch GET 200 https://registry.npmjs.org/tinyglobby/-/tinyglobby-0.2.16.tgz 106ms (cache miss)
1415 http fetch GET 200 https://registry.npmjs.org/@oxc-project/types/-/types-0.132.0.tgz 108ms (cache miss)
1416 http fetch GET 200 https://registry.npmjs.org/@typescript-eslint/tsconfig-utils/-/tsconfig-utils-8.59.4.tgz 111ms (cache miss)
1417 http fetch GET 200 https://registry.npmjs.org/source-map-js/-/source-map-js-1.2.1.tgz 118ms (cache miss)
1418 http fetch GET 200 https://registry.npmjs.org/detect-libc/-/detect-libc-2.1.2.tgz 125ms (cache miss)
1419 http fetch GET 200 https://registry.npmjs.org/punycode/-/punycode-2.3.1.tgz 136ms (cache miss)
1420 http fetch GET 200 https://registry.npmjs.org/fdir/-/fdir-6.5.0.tgz 137ms (cache miss)
1421 http fetch GET 200 https://registry.npmjs.org/picomatch/-/picomatch-4.0.4.tgz 140ms (cache miss)
1422 http fetch GET 200 https://registry.npmjs.org/rolldown/-/rolldown-1.0.2.tgz 143ms (cache miss)
1423 http fetch GET 200 https://registry.npmjs.org/@typescript-eslint/project-service/-/project-service-8.59.4.tgz 143ms (cache miss)
1424 http fetch POST 200 https://registry.npmjs.org/-/npm/v1/security/advisories/bulk 182ms
1425 silly audit report {}
1426 http fetch GET 200 https://registry.npmjs.org/@typescript-eslint/visitor-keys/-/visitor-keys-8.59.4.tgz 152ms (cache miss)
1427 http fetch GET 200 https://registry.npmjs.org/ts-api-utils/-/ts-api-utils-2.5.0.tgz 163ms (cache miss)
1428 http fetch GET 200 https://registry.npmjs.org/fsevents/-/fsevents-2.3.3.tgz 168ms (cache miss)
1429 http fetch GET 200 https://registry.npmjs.org/shebang-regex/-/shebang-regex-3.0.0.tgz 181ms (cache miss)
1430 http fetch GET 200 https://registry.npmjs.org/@typescript-eslint/parser/-/parser-8.59.4.tgz 183ms (cache miss)
1431 http fetch GET 200 https://registry.npmjs.org/p-limit/-/p-limit-3.1.0.tgz 188ms (cache miss)
1432 http fetch GET 200 https://registry.npmjs.org/yocto-queue/-/yocto-queue-0.1.0.tgz 190ms (cache miss)
1433 http fetch GET 200 https://registry.npmjs.org/word-wrap/-/word-wrap-1.2.5.tgz 195ms (cache miss)
1434 http fetch GET 200 https://registry.npmjs.org/@typescript-eslint/type-utils/-/type-utils-8.59.4.tgz 201ms (cache miss)
1435 http fetch GET 200 https://registry.npmjs.org/fast-levenshtein/-/fast-levenshtein-2.0.6.tgz 213ms (cache miss)
1436 http fetch GET 200 https://registry.npmjs.org/brace-expansion/-/brace-expansion-5.0.6.tgz 217ms (cache miss)
1437 http fetch GET 200 https://registry.npmjs.org/deep-is/-/deep-is-0.1.4.tgz 217ms (cache miss)
1438 http fetch GET 200 https://registry.npmjs.org/yallist/-/yallist-3.1.1.tgz 225ms (cache miss)
1439 http fetch GET 200 https://registry.npmjs.org/p-locate/-/p-locate-5.0.0.tgz 227ms (cache miss)
1440 http fetch GET 200 https://registry.npmjs.org/balanced-match/-/balanced-match-4.0.4.tgz 230ms (cache miss)
1441 http fetch GET 200 https://registry.npmjs.org/@typescript-eslint/utils/-/utils-8.59.4.tgz 246ms (cache miss)
1442 http fetch GET 200 https://registry.npmjs.org/is-extglob/-/is-extglob-2.1.1.tgz 244ms (cache miss)
1443 http fetch GET 200 https://registry.npmjs.org/@typescript-eslint/types/-/types-8.59.4.tgz 248ms (cache miss)
1444 http fetch GET 200 https://registry.npmjs.org/postcss/-/postcss-8.5.15.tgz 254ms (cache miss)
1445 http fetch GET 200 https://registry.npmjs.org/keyv/-/keyv-4.5.4.tgz 246ms (cache miss)
1446 http fetch GET 200 https://registry.npmjs.org/json-buffer/-/json-buffer-3.0.1.tgz 250ms (cache miss)
1447 http fetch GET 200 https://registry.npmjs.org/prelude-ls/-/prelude-ls-1.2.1.tgz 252ms (cache miss)
1448 http fetch GET 200 https://registry.npmjs.org/lightningcss/-/lightningcss-1.32.0.tgz 261ms (cache miss)
1449 http fetch GET 200 https://registry.npmjs.org/hermes-estree/-/hermes-estree-0.25.1.tgz 258ms (cache miss)
1450 http fetch GET 200 https://registry.npmjs.org/path-exists/-/path-exists-4.0.0.tgz 263ms (cache miss)
1451 http fetch GET 200 https://registry.npmjs.org/@typescript-eslint/typescript-estree/-/typescript-estree-8.59.4.tgz 278ms (cache miss)
1452 http fetch GET 200 https://registry.npmjs.org/estraverse/-/estraverse-5.3.0.tgz 275ms (cache miss)
1453 http fetch GET 200 https://registry.npmjs.org/flat-cache/-/flat-cache-4.0.1.tgz 279ms (cache miss)
1454 http fetch GET 200 https://registry.npmjs.org/type-check/-/type-check-0.4.0.tgz 280ms (cache miss)
1455 http fetch GET 200 https://registry.npmjs.org/scheduler/-/scheduler-0.27.0.tgz 284ms (cache miss)
1456 http fetch GET 200 https://registry.npmjs.org/esrecurse/-/esrecurse-4.3.0.tgz 285ms (cache miss)
1457 http fetch GET 200 https://registry.npmjs.org/flatted/-/flatted-3.4.2.tgz 288ms (cache miss)
1458 http fetch GET 200 https://registry.npmjs.org/update-browserslist-db/-/update-browserslist-db-1.2.3.tgz 286ms (cache miss)
1459 http fetch GET 200 https://registry.npmjs.org/@types/esrecurse/-/esrecurse-4.3.1.tgz 291ms (cache miss)
1460 http fetch GET 200 https://registry.npmjs.org/node-releases/-/node-releases-2.0.46.tgz 299ms (cache miss)
1461 http fetch GET 200 https://registry.npmjs.org/electron-to-chromium/-/electron-to-chromium-1.5.361.tgz 309ms (cache miss)
1462 http fetch GET 200 https://registry.npmjs.org/@babel/helper-string-parser/-/helper-string-parser-7.27.1.tgz 325ms (cache miss)
1463 http fetch GET 200 https://registry.npmjs.org/lru-cache/-/lru-cache-5.1.1.tgz 330ms (cache miss)
1464 http fetch GET 200 https://registry.npmjs.org/@babel/helper-module-imports/-/helper-module-imports-7.28.6.tgz 331ms (cache miss)
1465 http fetch GET 200 https://registry.npmjs.org/@jridgewell/sourcemap-codec/-/sourcemap-codec-1.5.5.tgz 341ms (cache miss)
1466 http fetch GET 200 https://registry.npmjs.org/@babel/helper-globals/-/helper-globals-7.28.0.tgz 349ms (cache miss)
1467 http fetch GET 200 https://registry.npmjs.org/locate-path/-/locate-path-6.0.0.tgz 371ms (cache miss)
1468 http fetch GET 200 https://registry.npmjs.org/acorn/-/acorn-8.16.0.tgz 375ms (cache miss)
1469 http fetch GET 200 https://registry.npmjs.org/@babel/helper-validator-option/-/helper-validator-option-7.27.1.tgz 373ms (cache miss)
1470 http fetch GET 200 https://registry.npmjs.org/picocolors/-/picocolors-1.1.1.tgz 376ms (cache miss)
1471 http fetch GET 200 https://registry.npmjs.org/js-tokens/-/js-tokens-4.0.0.tgz 387ms (cache miss)
1472 http fetch GET 200 https://registry.npmjs.org/@jridgewell/resolve-uri/-/resolve-uri-3.1.2.tgz 418ms (cache miss)
1473 http fetch GET 200 https://registry.npmjs.org/jsesc/-/jsesc-3.1.0.tgz 416ms (cache miss)
1474 http fetch GET 200 https://registry.npmjs.org/semver/-/semver-6.3.1.tgz 419ms (cache miss)
1475 http fetch GET 200 https://registry.npmjs.org/@babel/helper-validator-identifier/-/helper-validator-identifier-7.28.5.tgz 420ms (cache miss)
1476 http fetch GET 200 https://registry.npmjs.org/gensync/-/gensync-1.0.0-beta.2.tgz 426ms (cache miss)
1477 http fetch GET 200 https://registry.npmjs.org/@jridgewell/gen-mapping/-/gen-mapping-0.3.13.tgz 430ms (cache miss)
1478 http fetch GET 200 https://registry.npmjs.org/@jridgewell/trace-mapping/-/trace-mapping-0.3.31.tgz 432ms (cache miss)
1479 http fetch GET 200 https://registry.npmjs.org/acorn-jsx/-/acorn-jsx-5.3.2.tgz 436ms (cache miss)
1480 http fetch GET 200 https://registry.npmjs.org/browserslist/-/browserslist-4.28.2.tgz 439ms (cache miss)
1481 http fetch GET 200 https://registry.npmjs.org/convert-source-map/-/convert-source-map-2.0.0.tgz 436ms (cache miss)
1482 http fetch GET 200 https://registry.npmjs.org/@babel/compat-data/-/compat-data-7.29.3.tgz 448ms (cache miss)
1483 http fetch GET 200 https://registry.npmjs.org/json5/-/json5-2.2.3.tgz 459ms (cache miss)
1484 http fetch GET 200 https://registry.npmjs.org/@babel/template/-/template-7.28.6.tgz 465ms (cache miss)
1485 http fetch GET 200 https://registry.npmjs.org/@typescript-eslint/eslint-plugin/-/eslint-plugin-8.59.4.tgz 486ms (cache miss)
1486 http fetch GET 200 https://registry.npmjs.org/@babel/code-frame/-/code-frame-7.29.0.tgz 512ms (cache miss)
1487 http fetch GET 200 https://registry.npmjs.org/@jridgewell/remapping/-/remapping-2.3.5.tgz 528ms (cache miss)
1488 http fetch GET 200 https://registry.npmjs.org/zod-validation-error/-/zod-validation-error-4.0.2.tgz 555ms (cache miss)
1489 http fetch GET 200 https://registry.npmjs.org/@babel/helper-module-transforms/-/helper-module-transforms-7.28.6.tgz 561ms (cache miss)
1490 http fetch GET 200 https://registry.npmjs.org/ms/-/ms-2.1.3.tgz 571ms (cache miss)
1491 http fetch GET 200 https://registry.npmjs.org/@typescript-eslint/scope-manager/-/scope-manager-8.59.4.tgz 594ms (cache miss)
1492 http fetch GET 200 https://registry.npmjs.org/@babel/helper-compilation-targets/-/helper-compilation-targets-7.28.6.tgz 594ms (cache miss)
1493 http fetch GET 200 https://registry.npmjs.org/shebang-command/-/shebang-command-2.0.0.tgz 593ms (cache miss)
1494 http fetch GET 200 https://registry.npmjs.org/@babel/generator/-/generator-7.29.1.tgz 595ms (cache miss)
1495 http fetch GET 200 https://registry.npmjs.org/path-key/-/path-key-3.1.1.tgz 601ms (cache miss)
1496 http fetch GET 200 https://registry.npmjs.org/which/-/which-2.0.2.tgz 610ms (cache miss)
1497 http fetch GET 200 https://registry.npmjs.org/@babel/traverse/-/traverse-7.29.0.tgz 622ms (cache miss)
1498 http fetch GET 200 https://registry.npmjs.org/json-schema-traverse/-/json-schema-traverse-0.4.1.tgz 617ms (cache miss)
1499 http fetch GET 200 https://registry.npmjs.org/baseline-browser-mapping/-/baseline-browser-mapping-2.10.32.tgz 642ms (cache miss)
1500 http fetch GET 200 https://registry.npmjs.org/fast-json-stable-stringify/-/fast-json-stable-stringify-2.1.0.tgz 631ms (cache miss)
1501 http fetch GET 200 https://registry.npmjs.org/@humanfs/types/-/types-0.15.0.tgz 677ms (cache miss)
1502 http fetch GET 200 https://registry.npmjs.org/@types/json-schema/-/json-schema-7.0.15.tgz 708ms (cache miss)
1503 http fetch GET 200 https://registry.npmjs.org/caniuse-lite/-/caniuse-lite-1.0.30001793.tgz 723ms (cache miss)
1504 http fetch GET 200 https://registry.npmjs.org/optionator/-/optionator-0.9.4.tgz 711ms (cache miss)
1505 http fetch GET 200 https://registry.npmjs.org/levn/-/levn-0.4.1.tgz 723ms (cache miss)
1506 http fetch GET 200 https://registry.npmjs.org/@eslint/object-schema/-/object-schema-3.0.5.tgz 727ms (cache miss)
1507 http fetch GET 200 https://registry.npmjs.org/@humanfs/core/-/core-0.19.2.tgz 729ms (cache miss)
1508 http fetch GET 200 https://registry.npmjs.org/json-stable-stringify-without-jsonify/-/json-stable-stringify-without-jsonify-1.0.1.tgz 745ms (cache miss)
1509 http fetch GET 200 https://registry.npmjs.org/is-glob/-/is-glob-4.0.3.tgz 770ms (cache miss)
1510 http fetch GET 200 https://registry.npmjs.org/glob-parent/-/glob-parent-6.0.2.tgz 770ms (cache miss)
1511 http fetch GET 200 https://registry.npmjs.org/ignore/-/ignore-5.3.2.tgz 771ms (cache miss)
1512 http fetch GET 200 https://registry.npmjs.org/imurmurhash/-/imurmurhash-0.1.4.tgz 789ms (cache miss)
1513 http fetch GET 200 https://registry.npmjs.org/find-up/-/find-up-5.0.0.tgz 792ms (cache miss)
1514 http fetch GET 200 https://registry.npmjs.org/fast-deep-equal/-/fast-deep-equal-3.1.3.tgz 792ms (cache miss)
1515 http fetch GET 200 https://registry.npmjs.org/file-entry-cache/-/file-entry-cache-8.0.0.tgz 797ms (cache miss)
1516 http fetch GET 200 https://registry.npmjs.org/@babel/core/-/core-7.29.0.tgz 806ms (cache miss)
1517 http fetch GET 200 https://registry.npmjs.org/eslint-visitor-keys/-/eslint-visitor-keys-5.0.1.tgz 806ms (cache miss)
1518 http fetch GET 200 https://registry.npmjs.org/@babel/parser/-/parser-7.29.3.tgz 812ms (cache miss)
1519 http fetch GET 200 https://registry.npmjs.org/espree/-/espree-11.2.0.tgz 811ms (cache miss)
1520 http fetch GET 200 https://registry.npmjs.org/hermes-parser/-/hermes-parser-0.25.1.tgz 825ms (cache miss)
1521 http fetch GET 200 https://registry.npmjs.org/escape-string-regexp/-/escape-string-regexp-4.0.0.tgz 819ms (cache miss)
1522 http fetch GET 200 https://registry.npmjs.org/debug/-/debug-4.4.3.tgz 831ms (cache miss)
1523 http fetch GET 200 https://registry.npmjs.org/cross-spawn/-/cross-spawn-7.0.6.tgz 839ms (cache miss)
1524 http fetch GET 200 https://registry.npmjs.org/esutils/-/esutils-2.0.3.tgz 841ms (cache miss)
1525 http fetch GET 200 https://registry.npmjs.org/eslint-scope/-/eslint-scope-9.1.2.tgz 842ms (cache miss)
1526 http fetch GET 200 https://registry.npmjs.org/@types/estree/-/estree-1.0.9.tgz 856ms (cache miss)
1527 http fetch GET 200 https://registry.npmjs.org/@babel/helpers/-/helpers-7.29.2.tgz 890ms (cache miss)
1528 http fetch GET 200 https://registry.npmjs.org/minimatch/-/minimatch-10.2.5.tgz 887ms (cache miss)
1529 http fetch GET 200 https://registry.npmjs.org/@eslint/core/-/core-1.2.1.tgz 898ms (cache miss)
1530 http fetch GET 200 https://registry.npmjs.org/@humanwhocodes/module-importer/-/module-importer-1.0.1.tgz 903ms (cache miss)
1531 http fetch GET 200 https://registry.npmjs.org/@humanwhocodes/retry/-/retry-0.4.3.tgz 905ms (cache miss)
1532 http fetch GET 200 https://registry.npmjs.org/natural-compare/-/natural-compare-1.4.0.tgz 916ms (cache miss)
1533 http fetch GET 200 https://registry.npmjs.org/@humanfs/node/-/node-0.16.8.tgz 915ms (cache miss)
1534 http fetch GET 200 https://registry.npmjs.org/@eslint/config-helpers/-/config-helpers-0.6.0.tgz 926ms (cache miss)
1535 http fetch GET 200 https://registry.npmjs.org/@babel/types/-/types-7.29.0.tgz 942ms (cache miss)
1536 http fetch GET 200 https://registry.npmjs.org/@eslint/plugin-kit/-/plugin-kit-0.7.1.tgz 930ms (cache miss)
1537 http fetch GET 200 https://registry.npmjs.org/ajv/-/ajv-6.15.0.tgz 932ms (cache miss)
1538 http fetch GET 200 https://registry.npmjs.org/typescript-eslint/-/typescript-eslint-8.59.4.tgz 944ms (cache miss)
1539 http fetch GET 200 https://registry.npmjs.org/esquery/-/esquery-1.7.0.tgz 954ms (cache miss)
1540 http fetch GET 200 https://registry.npmjs.org/eslint-plugin-react-refresh/-/eslint-plugin-react-refresh-0.5.2.tgz 969ms (cache miss)
1541 http fetch GET 200 https://registry.npmjs.org/undici-types/-/undici-types-7.16.0.tgz 973ms (cache miss)
1542 http fetch GET 200 https://registry.npmjs.org/@rolldown/pluginutils/-/pluginutils-1.0.1.tgz 1000ms (cache miss)
1543 http fetch GET 200 https://registry.npmjs.org/globals/-/globals-17.6.0.tgz 1002ms (cache miss)
1544 http fetch GET 200 https://registry.npmjs.org/zod/-/zod-4.4.3.tgz 1015ms (cache miss)
1545 http fetch GET 200 https://registry.npmjs.org/csstype/-/csstype-3.2.3.tgz 1008ms (cache miss)
1546 http fetch GET 200 https://registry.npmjs.org/react/-/react-19.2.6.tgz 1021ms (cache miss)
1547 http fetch GET 200 https://registry.npmjs.org/@types/react-dom/-/react-dom-19.2.3.tgz 1044ms (cache miss)
1548 http fetch GET 200 https://registry.npmjs.org/@eslint-community/regexpp/-/regexpp-4.12.2.tgz 1048ms (cache miss)
1549 http fetch GET 200 https://registry.npmjs.org/@eslint-community/eslint-utils/-/eslint-utils-4.9.1.tgz 1058ms (cache miss)
1550 http fetch GET 200 https://registry.npmjs.org/@eslint/config-array/-/config-array-0.23.5.tgz 1059ms (cache miss)
1551 http fetch GET 200 https://registry.npmjs.org/uri-js/-/uri-js-4.4.1.tgz 1085ms (cache miss)
1552 http fetch GET 200 https://registry.npmjs.org/@vitejs/plugin-react/-/plugin-react-6.0.2.tgz 1102ms (cache miss)
1553 http fetch GET 200 https://registry.npmjs.org/@types/react/-/react-19.2.15.tgz 1127ms (cache miss)
1554 http fetch GET 200 https://registry.npmjs.org/@eslint/js/-/js-10.0.1.tgz 1132ms (cache miss)
1555 http fetch GET 200 https://registry.npmjs.org/ignore/-/ignore-7.0.5.tgz 1133ms (cache miss)
1556 http fetch GET 200 https://registry.npmjs.org/eslint-visitor-keys/-/eslint-visitor-keys-3.4.3.tgz 1132ms (cache miss)
1557 http fetch GET 200 https://registry.npmjs.org/semver/-/semver-7.8.1.tgz 1142ms (cache miss)
1558 http fetch GET 200 https://registry.npmjs.org/@types/node/-/node-24.12.4.tgz 1333ms (cache miss)
1559 http fetch GET 200 https://registry.npmjs.org/vite/-/vite-8.0.14.tgz 1336ms (cache miss)
1560 http fetch GET 200 https://registry.npmjs.org/lightningcss-darwin-arm64/-/lightningcss-darwin-arm64-1.32.0.tgz 1378ms (cache miss)
1561 http fetch GET 200 https://registry.npmjs.org/eslint-plugin-react-hooks/-/eslint-plugin-react-hooks-7.1.1.tgz 1446ms (cache miss)
1562 http fetch GET 200 https://registry.npmjs.org/eslint/-/eslint-10.4.0.tgz 1524ms (cache miss)
1563 http fetch GET 200 https://registry.npmjs.org/react-dom/-/react-dom-19.2.6.tgz 1686ms (cache miss)
1564 http fetch GET 200 https://registry.npmjs.org/typescript/-/typescript-6.0.3.tgz 2257ms (cache miss)
1565 http fetch GET 200 https://registry.npmjs.org/@rolldown/binding-darwin-arm64/-/binding-darwin-arm64-1.0.2.tgz 2406ms (cache miss)
1566 info run fsevents@2.3.3 install node_modules/fsevents node-gyp rebuild
1567 info run fsevents@2.3.3 install { code: 1, signal: null }
1568 verbose reify failed optional dependency /Users/kil07201/.gemini/antigravity-ide/scratch/my-memory/my-memory-frontend/node_modules/fsevents
1569 silly reify mark deleted [
1569 silly reify   '/Users/kil07201/.gemini/antigravity-ide/scratch/my-memory/my-memory-frontend/node_modules/fsevents'
1569 silly reify ]
1570 silly ADD node_modules/isexe
1571 silly ADD node_modules/@rolldown/binding-darwin-arm64
1572 silly ADD node_modules/@oxc-project/types
1573 silly ADD node_modules/source-map-js
1574 silly ADD node_modules/nanoid
1575 silly ADD node_modules/lightningcss-darwin-arm64
1576 silly ADD node_modules/detect-libc
1577 silly ADD node_modules/rolldown
1578 silly ADD node_modules/postcss
1579 silly ADD node_modules/lightningcss
1580 silly ADD
1581 silly ADD node_modules/punycode
1582 silly ADD node_modules/escalade
1583 silly ADD node_modules/picomatch
1584 silly ADD node_modules/fdir
1585 silly ADD node_modules/tinyglobby
1586 silly ADD node_modules/@typescript-eslint/tsconfig-utils
1587 silly ADD node_modules/@typescript-eslint/project-service
1588 silly ADD node_modules/@typescript-eslint/types
1589 silly ADD node_modules/ts-api-utils
1590 silly ADD node_modules/@typescript-eslint/visitor-keys
1591 silly ADD node_modules/@typescript-eslint/type-utils
1592 silly ADD node_modules/@typescript-eslint/scope-manager
1593 silly ADD node_modules/@typescript-eslint/utils
1594 silly ADD node_modules/@typescript-eslint/typescript-estree
1595 silly ADD node_modules/@typescript-eslint/typescript-estree/node_modules/semver
1596 silly ADD node_modules/@typescript-eslint/parser
1597 silly ADD node_modules/@typescript-eslint/eslint-plugin
1598 silly ADD node_modules/@typescript-eslint/eslint-plugin/node_modules/ignore
1599 silly ADD node_modules/shebang-regex
1600 silly ADD node_modules/scheduler
1601 silly ADD node_modules/yocto-queue
1602 silly ADD node_modules/p-limit
1603 silly ADD node_modules/word-wrap
1604 silly ADD node_modules/fast-levenshtein
1605 silly ADD node_modules/deep-is
1606 silly ADD node_modules/balanced-match
1607 silly ADD node_modules/brace-expansion
1608 silly ADD node_modules/yallist
1609 silly ADD node_modules/p-locate
1610 silly ADD node_modules/type-check
1611 silly ADD node_modules/prelude-ls
1612 silly ADD node_modules/json-buffer
1613 silly ADD node_modules/is-extglob
1614 silly ADD node_modules/hermes-estree
1615 silly ADD node_modules/keyv
1616 silly ADD node_modules/flatted
1617 silly ADD node_modules/path-exists
1618 silly ADD node_modules/locate-path
1619 silly ADD node_modules/flat-cache
1620 silly ADD node_modules/acorn-jsx
1621 silly ADD node_modules/acorn
1622 silly ADD node_modules/estraverse
1623 silly ADD node_modules/esrecurse
1624 silly ADD node_modules/@types/esrecurse
1625 silly ADD node_modules/update-browserslist-db
1626 silly ADD node_modules/node-releases
1627 silly ADD node_modules/electron-to-chromium
1628 silly ADD node_modules/caniuse-lite
1629 silly ADD node_modules/baseline-browser-mapping
1630 silly ADD node_modules/@jridgewell/resolve-uri
1631 silly ADD node_modules/@jridgewell/sourcemap-codec
1632 silly ADD node_modules/@babel/helper-string-parser
1633 silly ADD node_modules/@babel/helper-globals
1634 silly ADD node_modules/@babel/helper-module-imports
1635 silly ADD node_modules/lru-cache
1636 silly ADD node_modules/browserslist
1637 silly ADD node_modules/@babel/helper-validator-option
1638 silly ADD node_modules/@babel/compat-data
1639 silly ADD node_modules/jsesc
1640 silly ADD node_modules/@jridgewell/trace-mapping
1641 silly ADD node_modules/@jridgewell/gen-mapping
1642 silly ADD node_modules/picocolors
1643 silly ADD node_modules/js-tokens
1644 silly ADD node_modules/@babel/helper-validator-identifier
1645 silly ADD node_modules/semver
1646 silly ADD node_modules/json5
1647 silly ADD node_modules/gensync
1648 silly ADD node_modules/convert-source-map
1649 silly ADD node_modules/@jridgewell/remapping
1650 silly ADD node_modules/@babel/types
1651 silly ADD node_modules/@babel/traverse
1652 silly ADD node_modules/@babel/template
1653 silly ADD node_modules/@babel/helpers
1654 silly ADD node_modules/@babel/helper-module-transforms
1655 silly ADD node_modules/@babel/helper-compilation-targets
1656 silly ADD node_modules/@babel/generator
1657 silly ADD node_modules/@babel/code-frame
1658 silly ADD node_modules/zod-validation-error
1659 silly ADD node_modules/zod
1660 silly ADD node_modules/hermes-parser
1661 silly ADD node_modules/@babel/parser
1662 silly ADD node_modules/@babel/core
1663 silly ADD node_modules/ms
1664 silly ADD node_modules/which
1665 silly ADD node_modules/shebang-command
1666 silly ADD node_modules/path-key
1667 silly ADD node_modules/uri-js
1668 silly ADD node_modules/json-schema-traverse
1669 silly ADD node_modules/fast-json-stable-stringify
1670 silly ADD node_modules/@humanfs/types
1671 silly ADD node_modules/@humanfs/core
1672 silly ADD node_modules/levn
1673 silly ADD node_modules/@types/json-schema
1674 silly ADD node_modules/@eslint/object-schema
1675 silly ADD node_modules/optionator
1676 silly ADD node_modules/natural-compare
1677 silly ADD node_modules/minimatch
1678 silly ADD node_modules/json-stable-stringify-without-jsonify
1679 silly ADD node_modules/is-glob
1680 silly ADD node_modules/imurmurhash
1681 silly ADD node_modules/ignore
1682 silly ADD node_modules/glob-parent
1683 silly ADD node_modules/find-up
1684 silly ADD node_modules/file-entry-cache
1685 silly ADD node_modules/fast-deep-equal
1686 silly ADD node_modules/esutils
1687 silly ADD node_modules/esquery
1688 silly ADD node_modules/espree
1689 silly ADD node_modules/eslint-visitor-keys
1690 silly ADD node_modules/eslint-scope
1691 silly ADD node_modules/escape-string-regexp
1692 silly ADD node_modules/debug
1693 silly ADD node_modules/cross-spawn
1694 silly ADD node_modules/ajv
1695 silly ADD node_modules/@types/estree
1696 silly ADD node_modules/@humanwhocodes/retry
1697 silly ADD node_modules/@humanwhocodes/module-importer
1698 silly ADD node_modules/@humanfs/node
1699 silly ADD node_modules/@eslint/plugin-kit
1700 silly ADD node_modules/@eslint/core
1701 silly ADD node_modules/@eslint/config-helpers
1702 silly ADD node_modules/@eslint/config-array
1703 silly ADD node_modules/@eslint-community/regexpp
1704 silly ADD node_modules/@eslint-community/eslint-utils
1705 silly ADD node_modules/@eslint-community/eslint-utils/node_modules/eslint-visitor-keys
1706 silly ADD node_modules/@rolldown/pluginutils
1707 silly ADD node_modules/csstype
1708 silly ADD node_modules/undici-types
1709 silly ADD node_modules/typescript-eslint
1710 silly ADD node_modules/typescript
1711 silly ADD node_modules/react-dom
1712 silly ADD node_modules/react
1713 silly ADD node_modules/globals
1714 silly ADD node_modules/eslint-plugin-react-refresh
1715 silly ADD node_modules/eslint-plugin-react-hooks
1716 silly ADD node_modules/eslint
1717 silly ADD node_modules/vite
1718 silly ADD node_modules/@vitejs/plugin-react
1719 silly ADD node_modules/@types/react-dom
1720 silly ADD node_modules/@types/react
1721 silly ADD node_modules/@types/node
1722 silly ADD node_modules/@eslint/js
1723 verbose cwd /Users/kil07201/.gemini/antigravity-ide/scratch/my-memory/my-memory-frontend
1724 verbose os Darwin 25.5.0
1725 verbose node v24.12.0
1726 verbose npm  v11.6.2
1727 verbose exit 0
1728 info ok
